family_income_category,parent_education_level,prior_academic_performance,school_resources_rating,distance_to_school_km,transportation_access,special_education_needs,language_barrier,family_support,peer_influence,extracurricular_participation,school_climate,attendance_rate,dropout_probability
Low Income,Graduate,2.67168307635298,Excellent,25.04405817918585,None,Mild,Major,Moderate,Negative,Active,,72.67455724364181,0.3625992430933348
Upper Middle,Graduate,2.4325587777593656,Excellent,10.265327302666169,Walk,None,Minor,None,Neutral,None,Good,55.12605334940572,0.7911934756420239
Below Poverty,High School,2.0310101015518063,Fair,1.2087461811814812,Bus,Moderate,Minor,Low,Neutral,None,Excellent,81.25275588843218,0.7542576459562056
Middle Class,Bachelor,1.892653196378431,Fair,4.81142205007103,None,Severe,Minor,Low,Neutral,Active,Good,65.5926440363004,0.6340737807267239
Wealthy,Graduate,1.852860565316929,Good,11.19536455325184,Car,Severe,,Low,Negative,Active,Poor,79.63754198256672,0.3426128761573882
Low Income,High School,2.998069720122899,Excellent,,Bus,Mild,None,Moderate,Negative,Active,Poor,63.00432821913796,0.7783121167412972
Below Poverty,High School,3.6702800860683253,Excellent,6.322476484580406,None,Moderate,Major,None,Positive,Some,Fair,69.18840104044293,0.8992709441735895
Below Poverty,Graduate,1.6790684645211347,Good,27.781352741840823,None,None,None,None,Neutral,,Toxic,75.76948722134767,0.9604164179104961
Below Poverty,Bachelor,3.800218685502496,Fair,1.2828277310575358,Walk,,Minor,None,Neutral,Active,Toxic,67.10881101223244,
Wealthy,Graduate,2.8054265278678603,Poor,13.936660878591674,Bus,None,Minor,Moderate,Positive,None,Poor,97.64918924215519,0.5644182586727404
Upper Middle,Bachelor,3.845059644729127,Fair,9.71237230289455,Car,Moderate,Major,Moderate,Neutral,Some,Toxic,78.27247125015445,0.7905588584853693
Low Income,Bachelor,2.534616460430665,,25.79440298181573,Bus,Moderate,Major,,Neutral,Active,Poor,97.40157589374522,0.9915129182358642
Low Income,Graduate,3.283577868179999,Excellent,8.85971012694697,Car,None,Minor,None,Positive,None,Toxic,56.49078460153078,0.465777355188116
Upper Middle,High School,3.0284787787945957,Poor,27.691912356305384,Car,Moderate,Minor,None,Neutral,Active,,67.21028985584788,0.21182778051317197
Middle Class,Less than HS,2.7460949014584637,Excellent,25.517296083948587,Bus,Severe,Major,Moderate,Positive,None,Poor,75.72034761526908,0.8932070828896078
Below Poverty,Less than HS,2.7200474289206853,Excellent,9.216572317828392,Walk,Moderate,None,Low,Neutral,Some,Excellent,94.14338104524552,0.807667855866496
Low Income,,2.7122626425309124,Fair,29.222091604616228,Walk,Mild,Major,Low,Negative,Some,Fair,71.9581731727506,0.905075838537312
Upper Middle,Some College,3.989894425302744,Fair,23.425269344427825,Car,Severe,Minor,Low,Positive,None,Fair,85.06309505948661,0.05106375711212574
Middle Class,Bachelor,,Good,2.114579943384183,Bus,Moderate,None,Low,Negative,Some,Fair,80.89198758227367,0.20902621498653218
Low Income,High School,2.8475414263179246,Fair,12.171100400138007,Walk,Severe,Minor,High,Positive,None,Excellent,50.339834766859646,0.30829478810245214
Upper Middle,Some College,1.6757732786417083,Fair,14.088692600444977,None,Severe,Major,Moderate,Neutral,Some,Toxic,82.38548428292815,0.6060114464931452
Wealthy,High School,3.8883236893865663,Poor,22.314985067967537,None,Severe,Minor,None,Neutral,Active,Fair,78.86205675565628,0.8530567031699764
Wealthy,High School,1.7291050190766062,Fair,23.68982024412644,Bus,None,None,Low,Neutral,None,Poor,65.99558533845628,0.7986524270922882
Below Poverty,Some College,1.8491484907703593,,27.864425193536956,None,Mild,Minor,Low,Neutral,Some,Good,76.56734525604918,0.3261946536959942
Upper Middle,High School,3.31581821471056,,29.947836194851984,None,None,Major,Moderate,Neutral,None,Good,52.93203567750799,0.7729402990361219
Low Income,Less than HS,2.8288735354506094,Fair,4.407544433463587,None,Severe,Major,Low,Neutral,Some,Good,53.83417971615775,0.624021247038914
Below Poverty,Less than HS,2.441498150926073,,26.74849715795644,None,Severe,Minor,None,Neutral,Some,Poor,87.14135782922105,0.3336491107145716
Wealthy,Graduate,3.439883031859385,Good,27.129252511681187,Bus,None,Major,Low,Positive,Some,Good,92.42656270411605,0.09712811468490667
Middle Class,Some College,1.5854770639955813,Poor,18.414565155908996,None,Severe,Minor,Low,Positive,Active,Fair,75.96940925854454,0.6381984739509851
Middle Class,High School,2.0886625811352655,Poor,23.39922104696761,None,Mild,Major,Low,Neutral,Some,Toxic,78.64475171266557,0.6395521319036768
Middle Class,Graduate,2.174361780664251,Poor,20.10807136944722,Walk,Severe,None,None,Negative,Some,Fair,51.82267086104416,0.13770794722868407
Low Income,Bachelor,3.4864476520791867,Poor,28.881953317327202,Bus,Severe,None,Moderate,Negative,None,Good,66.61623436181316,0.9573253074906375
Low Income,Less than HS,1.6104282906697942,Excellent,3.011567167466294,Bus,Mild,Major,None,Neutral,Active,Fair,99.5672141197639,0.05641782153978625
Wealthy,Some College,2.6449306850445566,Fair,11.520120272632887,Car,None,Minor,Moderate,Neutral,Active,Excellent,85.82710514736388,0.7046907377953525
Below Poverty,Less than HS,1.8451363210573586,Poor,26.410396864706694,Car,Mild,Major,None,,Active,Excellent,59.343288239628535,0.9667626166678364
Below Poverty,Less than HS,3.6734762883884984,Fair,3.3594834300405907,Walk,None,Minor,Moderate,Negative,,Good,96.55177280556558,0.6930315442006671
Wealthy,Some College,3.9671032856757353,Excellent,2.455977998326179,Car,Severe,Major,High,Neutral,Some,Good,85.49664947832707,0.7316277048696829
Upper Middle,Less than HS,3.0207504727693113,Excellent,3.4830682708206786,Car,None,,High,Negative,Some,Excellent,86.471685018477,0.04555785428199455
Wealthy,Some College,3.821676909949086,Fair,1.4390706607884707,Car,None,Minor,Moderate,Neutral,None,Fair,87.14066487693343,0.7897969821641629
Upper Middle,Some College,2.4682580079133754,Fair,5.937231414543833,Bus,Moderate,None,None,Negative,Some,Excellent,54.20754390814991,0.10279884896796976
Low Income,,3.47672071234333,Fair,6.432653991553194,None,,Minor,None,Neutral,Some,Poor,83.79287534720333,0.11510783046027218
Upper Middle,Graduate,3.0967965984896426,Excellent,7.993847999318354,Car,Mild,None,High,Negative,Some,Poor,63.80922909708724,0.3899170496055496
Wealthy,Bachelor,2.7447682148331722,Fair,28.056210347838793,Bus,Mild,Major,None,Positive,Some,Fair,91.03663511114877,0.48489156595558236
Wealthy,Bachelor,2.4295443573915296,Good,4.388533362283316,Bus,Severe,Minor,Low,Positive,,Excellent,76.18156218062538,0.3438110419650362
Upper Middle,Bachelor,2.1560751099291604,Fair,19.563448164824354,Walk,Severe,,High,Positive,Some,Fair,61.557059540475024,0.2677107271524519
Wealthy,Bachelor,1.69527113603624,Good,22.383278509966342,None,None,Major,High,Positive,None,Fair,87.00298763982752,0.2592123411407531
Middle Class,Less than HS,3.978904892988986,Excellent,26.873757013186104,,,Minor,Low,Neutral,Some,Poor,64.68346721556216,0.7472132721570155
Below Poverty,Some College,3.1392015795955768,Poor,1.8219008257556848,Car,None,Major,Low,Neutral,Active,Poor,,
Wealthy,Bachelor,1.5723002527230845,Excellent,8.659606129055883,None,Severe,None,Moderate,Neutral,Active,Fair,76.13726797065786,0.611753651424834
Middle Class,Less than HS,2.3581597398959886,Poor,0.7086283358164525,None,Mild,Major,Low,Positive,Some,Fair,75.05690124688235,0.9314945322564944
Wealthy,Bachelor,3.727008982192072,Poor,27.185018207665593,Bus,None,None,None,Neutral,Active,Excellent,87.03712431342433,0.06625606756850433
Upper Middle,Less than HS,3.341350574709157,Good,,Car,Moderate,None,Low,Negative,Some,,87.06699735910959,0.7788044745920221
Low Income,Bachelor,,Excellent,10.812224321760745,None,Moderate,Minor,Moderate,Positive,Active,Poor,78.59380875307598,0.4457408131597085
Low Income,Graduate,2.4876916233123465,Good,14.966966774392372,Car,None,Major,None,Positive,Some,Poor,56.608274079034366,0.11067707808886051
Low Income,High School,2.330639703958744,Poor,26.199197706033523,Bus,Mild,,High,Negative,,Fair,70.47381853993369,0.9084377019609643
Wealthy,Less than HS,3.711992318062165,Fair,26.67533700282168,None,None,Minor,Low,Neutral,None,Good,98.72933230386141,0.34899881389439225
Wealthy,Bachelor,1.8784418351922836,Excellent,6.672538282490864,Car,None,None,None,Negative,Some,Excellent,61.189676523306645,0.6216630554300341
Wealthy,Some College,1.9828634818445403,Poor,29.71428685331053,Bus,None,None,Low,,Active,Toxic,62.09549789583554,0.44027543830923277
Below Poverty,Some College,1.5871247924759533,Excellent,8.756822383772963,Bus,Mild,Major,,Negative,Active,Poor,62.27006927033945,0.12086350605943363
Middle Class,Some College,2.144952085207536,Poor,27.122663059889312,Walk,Mild,None,Moderate,Positive,None,Poor,62.76192020684258,0.5647003137987863
Low Income,,2.411539391298046,Poor,24.798744858007865,Car,Severe,,None,Negative,Some,Good,69.75507670958953,0.3554384209519724
Below Poverty,Bachelor,3.6123862958751953,Excellent,17.235601804894213,Bus,None,Major,None,Neutral,Active,Fair,96.0944139344618,0.7146872979978406
Low Income,Less than HS,2.777621267063433,Excellent,26.0162270636276,None,Mild,Major,High,Positive,Active,Good,55.43223647826574,0.9014331972790128
Upper Middle,Less than HS,2.042254686724487,,21.63127067903183,Car,Moderate,None,Low,Positive,Some,Toxic,96.2885190610119,0.19064295383777108
Upper Middle,High School,2.641464252591769,Excellent,4.062060297176464,None,Moderate,Minor,Moderate,Neutral,,Poor,61.16384758110157,0.38610468301326784
Low Income,Graduate,3.5917307390108193,Excellent,11.374499073746318,,None,Minor,None,Positive,None,Poor,74.45766803752048,0.2533888574068197
Wealthy,Bachelor,3.7581772976132757,Excellent,3.4737161809949266,Walk,Moderate,Minor,Low,Neutral,Active,Fair,91.97433431127556,0.6385891639511985
Low Income,Some College,3.4639949025739236,Excellent,25.07977942575687,Bus,Moderate,Major,Moderate,Positive,Some,Fair,87.27533763699769,0.30480629379406166
Low Income,,2.590531268918647,Excellent,17.311113471247314,None,Moderate,Minor,None,Positive,Active,Fair,99.24707551506731,0.43001384851530267
Wealthy,Some College,2.66644002279139,Good,0.5175674468552329,Bus,Moderate,Minor,,Positive,Some,Toxic,62.68711756162833,0.5071215932636306
Upper Middle,Graduate,3.341401887731462,Good,27.76598105846387,None,Severe,None,Low,Positive,Some,Fair,62.76006976078915,0.4026781217452434
Upper Middle,Graduate,3.3139456620859207,Good,18.827568742260514,Walk,None,None,Moderate,Neutral,None,Fair,86.23120203659332,0.4081531425938658
Upper Middle,Less than HS,1.7559391498176455,Excellent,9.528786615463718,None,Moderate,None,Moderate,Negative,Some,Toxic,98.96098985445407,0.13538159548419526
Upper Middle,Less than HS,3.821601831689116,Fair,19.347932831179726,Car,None,,None,Negative,Active,Excellent,99.49789765201476,
Middle Class,Some College,2.8912590520770705,Fair,13.531738916978343,None,Severe,Major,,,Some,Good,57.213528267777285,0.883150464272389
Below Poverty,Bachelor,1.5364674249359653,Poor,3.192017669643284,Car,None,None,High,Negative,Active,,98.8911148724941,0.106415397407301
,,,Good,19.723395362765398,Bus,Severe,Major,Low,Negative,None,Good,51.912333572821666,0.7977302059083248
,Some College,2.6400451821425994,Good,2.006411761345098,Walk,Mild,None,None,Positive,Active,Excellent,59.01291171333624,0.6698897445709759
Wealthy,High School,2.2445666170285863,Good,24.4784208278108,Bus,None,Minor,High,Negative,Some,Excellent,82.0477722941643,0.7691829344515684
Low Income,Graduate,1.8620178775082181,Fair,2.3095023270738286,Bus,None,Major,High,Negative,Some,Poor,73.31112875383586,0.9748349175198961
Low Income,Bachelor,2.1172095834813645,Fair,18.424041153977292,Walk,Mild,Major,Moderate,Neutral,Active,Excellent,81.76025684377825,0.11366334801356581
Low Income,Graduate,2.8693729135274664,Fair,10.958221946508324,Walk,Mild,Minor,None,Positive,Active,Poor,62.27372326915261,0.05259427033149966
Upper Middle,Bachelor,3.0714933674823204,Fair,10.660341177126302,Walk,Severe,Major,Moderate,Negative,None,Poor,75.34821926506265,0.7338980226732091
Upper Middle,High School,3.421884053705442,Poor,9.123773248916397,None,Severe,None,High,Negative,Some,Excellent,86.40442339327471,0.16012186485489388
Low Income,Some College,2.013975926038801,Fair,4.646209131613905,Walk,Mild,None,High,Negative,Active,Good,59.16885420182492,0.5913903482876343
Low Income,Less than HS,2.907434487402419,Poor,14.625268310165932,None,Mild,None,High,Positive,Some,Toxic,96.85164541894616,0.4591196477392955
Upper Middle,Graduate,2.193815835645026,Poor,15.943093529579691,,Severe,None,None,Positive,Active,Fair,90.60876619800328,0.8650966649554133
Below Poverty,Some College,2.0428358746635595,,,Car,Mild,None,Low,Negative,Active,Excellent,87.44894820078306,0.8119918216151643
Below Poverty,Some College,3.0382207906060064,Excellent,24.565878877270713,Walk,Mild,Minor,Moderate,Positive,Some,Excellent,84.27769408959557,0.4825361212147403
Low Income,High School,,Fair,1.8681952082366213,Walk,Mild,Major,Moderate,Positive,None,Fair,58.39139754770352,0.426989208308613
Wealthy,Bachelor,3.665589632991283,Excellent,7.749190402546192,Car,Severe,Major,,Positive,None,Fair,95.40863777274262,0.4195317013352424
Below Poverty,Bachelor,3.7031287254086784,Fair,28.59796140461802,None,Mild,None,High,Positive,Active,Fair,77.25002575802581,0.5834787128745299
Below Poverty,Graduate,1.6961401134213197,Excellent,6.784419305057915,None,Mild,None,High,Neutral,Active,Fair,55.259900229579095,0.5141862237362949
Low Income,Bachelor,2.30773613952919,Excellent,16.44546362150807,,Moderate,None,High,Positive,None,Excellent,96.44258223868268,0.5166924726859111
Middle Class,High School,2.731436668867746,Poor,3.4458123304701016,Bus,None,Major,Low,Negative,Active,Toxic,82.32779413873061,0.7821692581952471
Below Poverty,Less than HS,3.8015919038175867,Excellent,1.8371238432787274,,Mild,Minor,High,Negative,None,Fair,,
Middle Class,Graduate,3.9124361909292453,Good,25.170872992199712,Walk,Mild,Major,None,Positive,None,Good,77.3134909083514,0.912259868885133
Below Poverty,Bachelor,3.468737513813008,Excellent,,None,Mild,Minor,Moderate,Neutral,Active,Fair,91.71365499334526,0.5651970403621391
Wealthy,Some College,,Poor,2.9089604594090206,Walk,None,Major,Low,Negative,Some,Fair,92.90725333802845,
Low Income,Bachelor,2.5581755975178444,Fair,,Walk,Mild,Major,Low,Negative,Some,Excellent,,0.9045134728611919
Upper Middle,High School,1.9489559395843168,Poor,14.251869387710153,Bus,Moderate,Minor,None,Negative,Some,Excellent,,0.3907770313763944
Upper Middle,Graduate,3.1759074168862864,Poor,5.464705574393063,Car,Severe,Minor,None,Neutral,Active,Good,78.40317352288159,0.9331012507987119
Wealthy,,3.083642174532029,Excellent,13.23035984891708,Car,Severe,Minor,Low,Neutral,Some,Fair,54.37522110608451,0.43234670702408395
Low Income,Some College,3.445560730366797,Excellent,17.95654875782947,None,Severe,Major,High,Neutral,None,,95.76726227996004,0.1048064493165215
Wealthy,Less than HS,3.3837534089797976,Excellent,17.36305579852915,Bus,Mild,Major,None,Negative,Active,Fair,92.18551322792327,0.25705789613165264
Upper Middle,Some College,1.7446041605149416,Good,18.03930973360963,Bus,Severe,Minor,Moderate,Positive,Some,Poor,84.06978475523105,0.22344326666839331
,Bachelor,3.532565458793882,Poor,19.569502017094447,Walk,None,None,None,Neutral,None,Poor,81.22052467248365,0.35471875095726546
Wealthy,Some College,2.0217215229319923,Fair,8.98551278028145,Walk,Severe,Minor,Moderate,Negative,None,Toxic,52.72228214682205,0.7485732371904803
Below Poverty,Bachelor,3.018048236159582,Poor,0.7732358479304609,Bus,Moderate,None,Moderate,Positive,None,Toxic,50.42453599450973,0.9033225216742349
Low Income,Less than HS,3.943976118204868,Good,1.0257560167429707,Walk,None,None,High,Positive,Some,Excellent,64.94521695097572,0.4167399549364045
Below Poverty,Bachelor,3.1057523756763565,Good,24.72076779092561,None,Severe,None,High,Positive,Active,,97.25190629434836,0.4304486778657477
Low Income,Graduate,,Poor,19.187136641703344,None,Mild,Minor,Moderate,Neutral,Active,Fair,89.87783701032549,0.11290144300236848
Low Income,Bachelor,2.7602564220769708,Good,6.872776571433289,Car,None,Major,High,Neutral,Active,Fair,74.57303208879561,0.6406137548852372
Middle Class,High School,1.9196587650047021,Poor,17.158857819366496,Car,Mild,Major,None,Positive,Some,Fair,78.56097391713557,0.3501503333110072
,Less than HS,3.408395079320331,Excellent,4.241704331846135,Walk,None,Major,None,Negative,None,Excellent,89.09560478055761,0.07185956554660877
Low Income,High School,2.5289084257307684,Excellent,,Car,None,Minor,None,Negative,Some,Poor,59.20254796583316,0.9131117517299262
Wealthy,Less than HS,2.0224620888569147,Poor,22.21693025706719,Walk,Mild,Major,None,Neutral,Some,Poor,79.44241167630028,0.1536905130114412
Wealthy,Graduate,3.4242244444136927,Fair,26.821148234642788,None,Mild,,High,Positive,None,Toxic,72.74196771238626,0.25822091247637
,Bachelor,2.6872157489550696,Fair,22.506696711776367,Bus,Moderate,None,Moderate,Neutral,Active,,94.85644901534617,
Low Income,Less than HS,2.6840441144523113,Excellent,6.334644260745409,None,Moderate,Minor,High,Negative,,Toxic,71.65168769011582,0.3703089303923841
Wealthy,Some College,2.5267576828909277,Excellent,14.686138756501077,Car,Severe,None,High,Negative,None,Toxic,73.95185237254137,0.8404174327918122
Low Income,Less than HS,1.7330757832969497,Excellent,12.719826260057642,Bus,Mild,Major,Moderate,Negative,None,Toxic,88.64493336830614,0.4497921041048556
Below Poverty,Less than HS,3.0488482814275466,Poor,27.23474964065818,Walk,Mild,Major,Low,Negative,Some,Poor,57.11208819219144,0.2510014808336971
Below Poverty,Some College,2.822902360477698,Poor,7.717878738089193,Bus,Mild,None,Low,Positive,Some,Good,71.94881170695464,0.8248060434945599
Below Poverty,Less than HS,3.1970351805598245,Fair,5.599754004340273,Walk,,Major,Low,Negative,None,Excellent,99.39378355695993,0.5616864577781654
Low Income,Bachelor,2.522986165629333,Good,28.67929263585828,,Moderate,Major,Low,Positive,Active,Fair,52.149142602316196,0.27885307219991295
Wealthy,Some College,1.935002042453735,Fair,2.2711765165333535,Walk,Mild,Major,Moderate,Positive,None,Fair,98.534587853808,0.5743853683335283
Upper Middle,High School,1.878115396077468,Fair,0.9545215293716198,Walk,Severe,Major,Moderate,Positive,None,Fair,67.7203166423288,0.48423112038929395
Below Poverty,High School,2.395800121126424,Good,7.278383989478647,Bus,Severe,Minor,Low,Negative,None,Good,,0.747546795485399
Below Poverty,High School,1.6758060627699711,Excellent,20.675964717045616,Car,Mild,None,None,Negative,None,Toxic,95.07074715414976,0.4446738631647562
Upper Middle,Some College,1.5964130897883018,Excellent,8.048487133947877,Walk,Mild,Major,High,Neutral,Some,Excellent,80.7563741078966,0.9920823353870807
Low Income,Bachelor,3.845026718217768,Poor,24.815188450453153,None,None,Major,Low,Negative,None,Good,74.39145784341308,0.24025956534481097
Upper Middle,Bachelor,2.176265430732366,Excellent,7.016593106768799,Car,Mild,Minor,Low,Neutral,Active,Toxic,94.33830591929967,0.5653816212313602
Upper Middle,Graduate,1.9973898617140096,Excellent,,Bus,Moderate,Minor,Low,,None,,,0.304507102564754
Upper Middle,Some College,2.5988670558055103,Good,21.09077689999569,Walk,None,Minor,None,Negative,None,Poor,96.67738459595446,0.7174956214586458
Low Income,Graduate,1.5027038316756935,Good,20.712624794804135,Car,Severe,None,High,Neutral,Active,Good,61.2673583556592,0.888311884434033
Upper Middle,Some College,,Fair,5.674979688306013,Car,Mild,Major,None,Positive,None,Toxic,68.76144671399726,0.516694069249246
Below Poverty,Bachelor,2.9335999348030515,Poor,28.04838112996508,Walk,Mild,Minor,None,Positive,None,Good,61.73820605549574,
Middle Class,Graduate,3.923628636842044,Good,,Walk,Moderate,Major,High,Negative,Active,Good,96.35669454188974,0.23411797620000574
Middle Class,High School,3.91953471850748,Excellent,22.37800578268469,Car,None,None,None,Positive,None,Good,79.47983159044043,0.15452652975461634
Below Poverty,High School,1.5368186182243817,,2.0366813565438315,Car,Severe,Major,Moderate,Positive,Some,Poor,90.3082395041649,0.3898754059578292
Wealthy,High School,2.000185056504294,,25.80625000562646,Walk,Moderate,None,Moderate,Positive,None,Poor,83.55156129475571,0.9748242192638392
Wealthy,Bachelor,2.467661128754425,Excellent,,Bus,None,Minor,Low,Neutral,None,Excellent,68.41654218617813,0.8788977933893405
Below Poverty,Some College,2.302019114458279,Good,9.315732156272817,None,Severe,None,Moderate,Positive,,Toxic,77.98888793701184,0.8337381307511738
Below Poverty,Bachelor,2.395478515665826,Excellent,24.870526028391737,Walk,None,Minor,None,Neutral,Some,Toxic,75.70618263400478,0.8395425608910295
Wealthy,Graduate,3.4009518288254728,Excellent,5.30532193204572,Car,Moderate,Minor,None,Negative,Active,Fair,75.02849306420364,0.3206499016370701
Upper Middle,Graduate,1.8806509855942917,Fair,21.45986306938768,Bus,None,None,None,Neutral,Active,Poor,92.72352083529239,
Below Poverty,Graduate,3.699674961049061,,9.448807069755173,Walk,Severe,Minor,Moderate,Neutral,Some,Excellent,95.28730796173505,0.015160994244164172
,Less than HS,3.8741618612463258,Excellent,26.03906392822669,Walk,None,Minor,Moderate,Positive,None,Fair,58.3491478376851,0.3650634496534043
Low Income,Bachelor,3.1758410800489574,Excellent,7.205193302886848,Walk,Mild,None,High,Negative,Active,Toxic,63.03823080417065,0.6749868185806497
Low Income,Graduate,,,16.51341959820721,,Mild,None,Moderate,Positive,,Excellent,66.19965285580025,0.21968671388607808
Upper Middle,Graduate,3.1233355145066772,,19.590312371208668,None,None,Major,Moderate,Negative,None,Toxic,,0.2640612321611304
Low Income,Bachelor,2.943870698651084,Good,14.139098092302195,Walk,Mild,Minor,High,Neutral,None,Toxic,60.21561028871214,0.6713458093703668
Low Income,Bachelor,1.6358638216813681,Fair,29.688754659078324,,Severe,Major,None,Negative,None,Poor,99.87945608436821,
Upper Middle,Bachelor,3.0543447027714894,,13.850439695559928,Bus,,Minor,High,,Some,Good,57.62531353708544,0.6489939488085585
Wealthy,,3.482943160236462,Good,25.873363304874275,None,Severe,Major,High,Positive,Active,,94.24765077390582,0.5773346420111303
Upper Middle,High School,2.365520201013864,Fair,12.670729906242995,Bus,Moderate,None,None,Positive,Active,Toxic,,0.949661992974461
Below Poverty,Graduate,3.383059135433047,Fair,11.12909127501511,None,,Major,High,Neutral,Active,Fair,90.16979714614669,0.9683436347219329
Below Poverty,High School,2.8522191502430942,Excellent,3.7435138009585205,Car,None,Major,High,Positive,None,Poor,91.12568200246538,0.26654160485015577
Middle Class,Graduate,3.7473201494655792,Excellent,5.9175513225297784,None,Mild,None,High,Positive,Active,Fair,63.56818974144173,0.6336454656474664
Wealthy,Graduate,3.9482597398767125,Excellent,23.54692604922455,None,Moderate,Minor,Low,Positive,Active,Good,52.374219437279876,
Upper Middle,Some College,1.8097642881167564,Excellent,6.504762979422929,Car,None,Major,High,Positive,None,Toxic,92.7673020707191,0.05195894253352329
Low Income,High School,2.5974471987882155,Fair,10.893726355958574,Walk,Mild,None,High,Positive,None,Good,56.39376959811091,0.135439941141281
Upper Middle,Bachelor,,Fair,3.1266816746069765,Walk,Moderate,Minor,None,Negative,Active,Toxic,98.38748451063911,0.383979981564469
Below Poverty,Some College,3.6717372594079434,Excellent,24.27594171362692,Car,,Minor,None,Negative,,Fair,71.67036978797785,0.3206279381699564
Middle Class,Less than HS,2.782556524097182,Poor,20.95946929162259,Bus,Moderate,Major,,Neutral,Active,Excellent,86.89911381920066,0.30458653050183615
Upper Middle,Graduate,2.5795277760846567,Fair,2.526310419508715,Walk,None,None,High,Negative,Some,Fair,50.01662644597039,0.18594166313583982
Low Income,Less than HS,2.607215068273378,,13.202700649588458,Car,Mild,Minor,,Neutral,Active,Poor,59.19256949059617,0.9734508527107419
Below Poverty,Graduate,1.5216440358446501,Poor,19.624459360443243,Bus,Severe,Major,Moderate,Negative,Some,Poor,58.99385696896031,0.8765585460399786
Low Income,Some College,2.152557594664608,Fair,15.493087747047346,Bus,Severe,Minor,Low,Neutral,Active,Excellent,53.731733717477,0.05075317337036611
Upper Middle,High School,2.631373436953024,Excellent,24.607940444233574,Bus,None,None,None,Negative,Active,Fair,50.181960241845154,0.9973631352013308
Low Income,High School,2.260238032823059,Good,27.321017735154932,,Moderate,None,None,Neutral,None,Excellent,59.02859077110185,0.027014999402824924
Upper Middle,Bachelor,3.426909533354863,Fair,4.013461228585129,Walk,Moderate,Major,High,Positive,None,Excellent,88.28913593594812,0.09024703470186168
Wealthy,Less than HS,3.6874356834795847,Fair,28.020956434760887,Bus,,None,High,Positive,Some,Good,58.94772932406003,0.6583109059167204
Low Income,Bachelor,2.1157296778125367,Poor,22.938938957783137,None,Severe,Major,Low,Neutral,Some,,91.73324624042073,0.16420233919148253
Below Poverty,Some College,3.871346026722834,Good,8.591467783977825,,Moderate,Major,High,Positive,Some,Excellent,73.87962818968879,0.15471821637086558
Below Poverty,Some College,3.3726313366334546,Fair,,Walk,None,Minor,High,Positive,None,Good,55.755608422754065,0.17746725283428677
Upper Middle,Some College,2.4871316492890934,Fair,16.838551529311033,None,Mild,Minor,Low,Negative,Active,Good,97.22544141990518,0.9976518180801753
Below Poverty,Some College,3.419129574336706,Fair,25.56892199177538,Bus,None,Major,Moderate,Neutral,Some,Poor,76.01125701394022,0.4832282829663659
Middle Class,High School,2.427501906722676,Excellent,8.207604886336016,Car,Severe,Major,Moderate,Negative,None,Toxic,92.14487770994496,0.5449990002029456
Below Poverty,Less than HS,2.2674828169747983,Excellent,26.675902147439235,Car,Mild,None,High,Negative,None,Poor,80.69875381614021,0.6518136865194498
Low Income,Some College,3.630899677103434,Poor,5.743532477992671,Bus,Moderate,Major,Low,Neutral,None,Fair,64.66100280963315,0.86432995541351
Wealthy,High School,1.5476859746677452,Good,18.520649459713656,None,Severe,None,Moderate,Positive,Active,Fair,86.42072381319119,0.44931631330243993
,Bachelor,1.6296452855954164,Poor,12.193894613916251,Walk,Moderate,None,Moderate,Negative,Some,Poor,74.08372195110942,0.33541455001652054
Middle Class,Some College,2.592395801901458,,,Car,Moderate,Minor,Low,Positive,,Good,96.99606999189672,
Middle Class,Graduate,2.8293212428495265,Excellent,0.7834622819041805,Walk,Moderate,None,None,Negative,None,Fair,66.16206745202648,
Middle Class,Less than HS,3.0512130841426224,Good,6.726879545400805,None,Severe,Minor,None,Positive,None,Toxic,90.35319007354678,0.5436032226641805
Middle Class,Graduate,1.972162291374056,Good,6.814247066437113,Bus,Mild,Minor,,Positive,Some,Poor,62.46438767778793,0.9574524125857471
Middle Class,Less than HS,2.59005449466721,Excellent,2.4654269902353443,None,,Major,High,Negative,None,Fair,66.87967203522886,0.5505574095718325
Wealthy,Graduate,2.813798698823529,Fair,24.93025183676466,Car,Severe,Major,None,Positive,None,Fair,64.22115919224834,0.9240935440968187
Middle Class,High School,3.119411737761908,Good,8.40044746397561,,Severe,Major,Moderate,Positive,None,Toxic,92.77956456325808,0.9418744293660054
Middle Class,Bachelor,2.0278260940201154,Excellent,26.91081936501859,,,Minor,Low,Positive,Active,Good,90.38049196844358,0.08084244311378241
Wealthy,Less than HS,2.8877053425593107,Good,5.260035823463467,Car,Moderate,None,Moderate,Negative,Active,,69.2887081401458,0.7771194529906571
,Some College,1.8011602079837266,Good,27.42050659575026,Walk,Severe,Minor,,Positive,Some,Poor,95.59633732907318,0.35649077952661856
Low Income,Less than HS,3.532236044662649,Excellent,14.643127653191854,Bus,Severe,Minor,High,Negative,Active,Fair,85.86556249849306,0.9363620925541843
Upper Middle,Graduate,2.103944548641896,Poor,11.2900871219414,Car,None,Major,Low,Neutral,None,Fair,55.26478622025874,0.9686873191729498
Wealthy,Bachelor,3.899138610017795,Poor,18.978089376234813,Car,Moderate,None,Moderate,Positive,Some,Fair,58.72555359020288,0.11282825706016086
Upper Middle,Some College,3.61251442373177,,0.7423911971132061,Walk,Moderate,None,None,Negative,Active,Poor,77.52779276372193,0.025292386219286533
Low Income,High School,2.4204884380511897,Good,10.995187301633456,Walk,Mild,Major,Low,Positive,None,Fair,67.67853046889296,0.09013261920653715
Middle Class,Graduate,3.787923214025683,Poor,16.58186286184638,,Mild,Minor,Low,Negative,Some,Poor,89.12302259586409,0.5013289767105763
,,2.425984993808532,Excellent,22.6948901503276,Bus,None,Minor,None,Positive,Active,Poor,83.8028809394273,0.1673120454536544
Middle Class,Graduate,2.093644914123265,Excellent,11.506868456209443,Walk,Mild,Minor,Low,Positive,Some,Excellent,80.67571860227648,0.0006405373486862986
Wealthy,High School,3.4730512070564865,Excellent,1.004586397758454,Car,None,Minor,None,Negative,Some,Excellent,89.60838711631075,0.9400707841468225
Low Income,Some College,3.392474939264665,Poor,17.16384020807027,Walk,Moderate,Minor,None,Negative,,Toxic,73.08133502113617,
Middle Class,Bachelor,2.2306856976747893,Poor,21.422158249229344,Bus,,Minor,Low,Positive,Some,Toxic,62.90584837150266,0.35758115216034647
Wealthy,Bachelor,1.5115929485166,Fair,12.699133990117701,Walk,Moderate,None,Low,Negative,None,Fair,51.19514209095114,0.9349920837536669
Below Poverty,Bachelor,3.4712911287461683,Poor,6.03349963150091,Walk,Severe,None,None,Negative,Some,Fair,65.88581819637268,0.24594788144171098
Low Income,Less than HS,,Poor,25.09782891232055,Car,Severe,Minor,High,Positive,None,,77.16831696703207,0.12047817597965116
Below Poverty,Less than HS,2.3390699960528316,Good,22.6092718636229,,None,Minor,None,Positive,Active,Good,98.4795847383656,0.009780115435462089
Low Income,Some College,3.82336150879739,Fair,7.672640668340949,None,Severe,Minor,None,Neutral,Some,Good,94.5087194251434,0.32125078450195843
Upper Middle,Bachelor,3.078503435292339,Poor,5.20658539064362,Bus,Mild,Minor,None,,None,Poor,72.4026883355871,0.8547132703241863
Below Poverty,Graduate,3.7187512468833366,Fair,22.945565902897243,,Mild,Minor,High,Negative,None,Fair,67.50634925051175,0.40817785518493066
Wealthy,Some College,3.331424817942752,Excellent,17.00550238821358,Car,None,Minor,Moderate,Neutral,None,Excellent,54.659020620638586,0.35754007777455754
Wealthy,High School,3.0481034378653717,Excellent,6.596963744041988,Car,Mild,Major,Moderate,Negative,None,,81.95034547500434,0.25684705613043046
Upper Middle,Some College,3.7547590146947707,Excellent,,Bus,Severe,None,High,Negative,Some,Fair,74.74079255676793,
Middle Class,Some College,3.0207149306008647,Fair,5.221168079310586,Bus,Mild,Minor,High,Positive,Active,Fair,51.55248976716142,0.7367688501277507
Upper Middle,Bachelor,1.9379757087669434,Fair,21.188457645766054,Car,Severe,Major,Moderate,Positive,None,Toxic,58.988662170675205,0.3616032828412906
Below Poverty,Some College,3.6514395648876237,Fair,7.7873060505207325,Walk,Moderate,Minor,None,Negative,None,Fair,67.19115247142832,0.913593475859112
Wealthy,Some College,3.6370000716992164,Excellent,18.338013350510675,Walk,Moderate,None,None,Neutral,Some,Excellent,99.8564226060676,0.02906799084472611
Low Income,Bachelor,2.6556303668485626,Poor,12.23793305726465,Walk,None,None,Moderate,Negative,Some,Excellent,78.29830148820264,0.2601143991841792
Middle Class,Some College,1.5413167020884642,Good,7.462743777910596,None,Moderate,None,High,Positive,None,Poor,70.24481891991528,0.7118084999073899
Upper Middle,Less than HS,3.258368127615661,Fair,,Walk,,None,High,Negative,Active,Good,74.89001778671864,0.566781651879084
Below Poverty,Graduate,1.561529507886191,Poor,6.19405465470877,None,None,Major,Moderate,Neutral,None,Good,56.58243095848137,0.9180889221815179
Middle Class,Less than HS,3.4909427523269483,Good,20.68330288283492,Walk,Moderate,Minor,High,Neutral,Active,,87.32202311913255,0.1781325190336437
Low Income,Bachelor,2.625292327041789,Fair,26.452806246294827,None,None,Major,None,Neutral,Some,Excellent,93.37196173741411,
Low Income,Bachelor,3.501914787098093,Good,19.85456966872449,None,None,Major,Low,,Active,Toxic,90.08237755021206,0.3465930575240661
Below Poverty,Less than HS,2.1280449797287075,,26.55969368107082,Car,Mild,Major,Low,Neutral,None,Poor,98.62015292268498,0.4311937576673658
Upper Middle,Bachelor,2.525143845494213,Excellent,20.380286777917263,Walk,Severe,Major,Moderate,Neutral,Some,Poor,94.01127045181,0.9824454151156188
Upper Middle,Graduate,2.3220274398164973,Poor,19.319222207340072,,Mild,Minor,Moderate,Neutral,None,Excellent,73.29655263782325,0.3916164697625588
Upper Middle,Less than HS,2.550376749576542,Good,2.3145723000609477,None,Mild,Minor,Moderate,Positive,Some,Fair,51.96926062906463,0.2559892094242697
Upper Middle,,2.530557978159901,Good,5.992685863200609,None,Mild,None,None,Positive,,Poor,67.77725485105695,0.9855921783684005
Wealthy,Less than HS,3.3817263556805344,,13.764715851566804,Bus,Mild,Minor,High,Positive,Active,Good,56.223879485907815,0.9875652893919473
Low Income,Less than HS,3.8822115926071166,Excellent,5.2244019566571165,Bus,None,None,High,Positive,Some,Fair,90.16523618595612,0.7579408364155842
Middle Class,,3.3576685292619377,Fair,9.398197085729242,Bus,Mild,Minor,None,Neutral,,Fair,92.99220855238362,0.6700747250658797
,Some College,2.9798567725965923,Excellent,6.385337841516614,Car,Moderate,Major,None,Positive,Active,Excellent,70.39442250622733,0.7781084332891941
Below Poverty,Less than HS,2.570194612316885,Good,19.22039867859022,None,None,Major,Moderate,Negative,Active,Toxic,56.69547702185368,0.5169561043107196
Middle Class,Less than HS,3.9769325084469824,Fair,28.488349328033358,Bus,Mild,None,Moderate,Negative,Some,Toxic,88.19422560808574,0.18057120614691158
Below Poverty,Some College,1.824865543570327,Poor,25.661040352350703,Walk,Mild,None,High,Neutral,Active,Fair,67.89949638448377,0.49486604771381704
Wealthy,Graduate,3.141334597604211,Excellent,2.2032635915014174,Bus,Moderate,None,None,Negative,Some,Excellent,75.83478542200385,0.5072942680264106
Middle Class,Less than HS,2.1727771846770754,Poor,23.41450521862148,Walk,Severe,Major,High,Neutral,Some,Poor,50.80268211055481,0.8448351603670228
Wealthy,,3.3283700411862283,Excellent,5.434052382360066,Bus,None,None,High,Negative,Some,Good,90.43192932380921,0.21283942319151594
Middle Class,High School,2.1977140275990146,Good,10.22221458741315,None,Moderate,Minor,None,Negative,Active,Fair,98.20722183663102,0.5965849033937494
Upper Middle,Less than HS,1.928295801299976,Fair,22.161110759136644,Bus,Moderate,None,Moderate,Negative,Some,Fair,78.27742322046747,0.9893295923530826
Upper Middle,Less than HS,3.053003677892664,Excellent,13.111356672255603,Walk,Severe,Minor,,Negative,None,Fair,60.009013943415304,0.407861451348166
,Some College,3.7894477290207162,Fair,23.92861509330434,None,Severe,Minor,Moderate,Positive,Active,Fair,79.5945819146667,0.9262446705329945
Wealthy,Some College,2.526352899641742,Fair,27.03108639310064,Bus,Severe,Major,High,Neutral,Active,Good,96.44944003938654,0.42607938474376106
Wealthy,High School,2.5518909290555873,Fair,5.978137739494441,None,None,,High,Neutral,Some,Poor,67.77707063811957,0.9552621238652209
Middle Class,High School,3.1247723792753908,Excellent,5.6198545894412435,Walk,None,Minor,Low,,Active,Excellent,86.41716415325264,0.014901387639413177
Middle Class,Bachelor,3.2595548801027054,Poor,8.207113447854297,Bus,Moderate,None,High,Negative,None,Poor,92.29629035285875,0.20495935218534878
Wealthy,Graduate,2.123610342583651,Good,11.976029301849744,None,Severe,Minor,High,Negative,Active,Poor,58.205484339469706,0.6002591206707536
Upper Middle,Bachelor,3.308787846674175,Poor,8.526193409528178,Walk,Mild,None,None,Neutral,None,Excellent,72.84078822521614,0.998206709169798
Below Poverty,Some College,2.7003255980538934,Poor,,Bus,Moderate,,Low,Positive,Some,Poor,50.68828900550867,0.08522436838357794
Upper Middle,High School,3.811726281049778,Fair,26.463991283707347,None,Mild,Major,High,Neutral,None,Good,93.4400784355461,0.21102117741936244
Low Income,Bachelor,2.419455110074969,Good,1.4503118095585112,None,Mild,Major,High,Negative,Active,Excellent,83.14347647904115,0.5188712993473097
Low Income,Less than HS,2.4397307565063553,Good,5.957583440437205,Walk,Mild,Major,None,Negative,Active,,62.27374721996247,0.07507353500500513
Upper Middle,High School,3.9730890218575357,Excellent,16.044760166112432,,Severe,Minor,High,Positive,None,Poor,94.18131019357456,
Below Poverty,Less than HS,3.5714342141221582,Poor,13.166030336223132,Bus,Mild,Minor,Moderate,Positive,Some,Fair,52.88485368519184,0.9944920143951839
Wealthy,Some College,1.6241952193204279,Good,5.547653968947618,Bus,Moderate,Minor,Moderate,Positive,None,Fair,53.261861632003054,0.011938206610779711
Low Income,High School,2.5635043609569585,Excellent,24.88553428174305,Car,Moderate,Minor,None,Negative,None,Fair,59.547502269107284,0.1713029646908485
Middle Class,Less than HS,3.703277625350682,Good,2.503726015698239,None,Moderate,Minor,None,Negative,Active,Good,63.98514936752079,0.7515057626498841
Middle Class,Some College,3.66271610511638,Poor,24.80012760308152,Car,Severe,Major,None,Neutral,Active,Poor,84.76766531415932,0.9501426265658047
Low Income,High School,2.7454728358759617,Excellent,16.14579536618212,Bus,Severe,Major,High,Positive,None,Toxic,87.43651079385484,0.3087378457441815
Below Poverty,,3.7517495866019246,Excellent,22.009396752049376,Car,None,None,None,Neutral,None,Toxic,55.345557536586796,0.4917038330534934
Low Income,Bachelor,1.9517483382799317,Fair,25.443395467443636,None,Mild,Minor,,Neutral,Some,Fair,94.15305042063576,0.8203100467529253
Wealthy,Some College,3.3762093849292145,Fair,27.206764862529095,,Severe,Major,High,Neutral,None,Excellent,88.46888919030916,0.47429195840737004
Middle Class,Some College,2.993228671418728,Fair,21.69456838646982,Car,None,Minor,Moderate,Positive,Some,Excellent,82.38223078691686,0.9759424256145521
Below Poverty,Less than HS,2.5812993954864525,Excellent,4.7994375092962045,None,Moderate,None,Moderate,Neutral,None,Good,50.68114149931138,0.8997429858154832
Below Poverty,Less than HS,1.582789966876121,Fair,13.277424983426169,Bus,Mild,Minor,Low,Negative,Some,Poor,54.76992366529911,0.610762885770102
Below Poverty,Some College,1.6838585457187185,Good,2.494889944948855,Car,Severe,Minor,None,Negative,Some,Good,77.71989820975188,0.09753370212849577
Middle Class,Graduate,2.5862855072602358,Good,8.816363115552011,Car,Moderate,Minor,Low,Neutral,Active,Poor,89.39799116292056,0.07376691159863225
Upper Middle,Some College,2.144568381439981,Good,21.015069239556848,Car,Severe,Minor,Moderate,Positive,Active,Toxic,89.09976753091634,0.906494648693877
Wealthy,Less than HS,3.616032982154508,Fair,24.117327686063017,Walk,Severe,Minor,High,Positive,Active,Excellent,87.52156632369446,0.49524035100161057
Upper Middle,,3.222653095636698,Poor,22.79095945742466,Bus,Mild,None,None,Neutral,None,Fair,64.78558303437839,0.13633364573917361
Below Poverty,Some College,3.974678868477807,Good,6.087326418725732,None,Moderate,Major,None,Positive,Active,,56.56694402975355,0.5857934453176273
Low Income,High School,3.769631300442825,Fair,28.816881866918482,Walk,None,Minor,High,Positive,,Poor,53.04518714621915,0.5999648001156989
Upper Middle,Bachelor,3.2027968723489044,Excellent,25.309184390763043,Car,Mild,Major,Low,Negative,Active,Poor,74.59200440766395,0.7501736353110917
Low Income,Some College,2.214788870101323,Excellent,25.57662154596947,Car,Moderate,None,Low,Negative,Active,Toxic,72.2800963216142,0.47318256780457957
Middle Class,Some College,3.4145697124592993,Fair,9.738264263614616,Bus,Moderate,Major,None,Neutral,None,Excellent,80.72118365934585,0.30495692670296193
,High School,3.043009990370412,Excellent,2.8480391296314833,None,None,None,None,Positive,None,Toxic,80.30283908559073,0.1978386119889578
Middle Class,High School,3.59714555127288,Good,21.77182839514644,Walk,Moderate,Minor,High,Positive,None,Poor,92.12902271512527,0.9688424038807711
Below Poverty,Bachelor,3.4634340143092928,Poor,9.652094621762277,Walk,Moderate,Minor,Low,Negative,Some,Poor,88.55008716974623,0.5344784599951623
Low Income,Some College,2.7017047107912093,Good,15.425484504018796,Car,Mild,Minor,High,Negative,None,Excellent,79.86882061657266,
Low Income,Some College,2.118752347603019,Fair,2.835228701688042,,Mild,Minor,Moderate,Positive,Active,Excellent,97.6894745394094,0.05143671135243899
Upper Middle,Less than HS,1.909034609750008,Fair,8.107057784632536,Car,Mild,Minor,Moderate,Negative,Some,Poor,73.66217438653405,0.10020498844677017
Middle Class,Less than HS,3.9001621577686936,Excellent,25.05523552351693,None,Moderate,Minor,High,Negative,Some,Fair,97.7773100655088,0.7481368981882969
Upper Middle,Some College,2.0093214717514405,Good,14.297507221224915,None,None,Minor,Moderate,Neutral,Active,Excellent,61.8173591348338,0.6881349433057843
Below Poverty,Bachelor,3.9478973707857095,Good,13.311156535246187,Car,Moderate,Major,None,Neutral,Some,Excellent,99.59547295839741,0.37108264282816295
Below Poverty,Graduate,2.6177983394270967,Excellent,15.999503318943576,Walk,None,None,None,Negative,Some,Excellent,82.61304345986743,0.3268950332602898
Wealthy,Bachelor,,Good,5.400914368468598,Car,None,Minor,None,Positive,Some,,50.53225709343734,0.8630117265614533
Low Income,Bachelor,2.148333122513654,Excellent,9.323749222955536,,Severe,Minor,High,Positive,Active,Fair,63.07412936524407,0.9199338196070446
Upper Middle,Some College,3.508584006668409,Fair,10.145647341750834,Bus,Mild,Major,None,Neutral,Some,Poor,,0.7688461582449145
Middle Class,High School,,Poor,18.242885479136117,Bus,Mild,Major,High,Neutral,None,Poor,58.680484650562235,0.08381761300001633
Below Poverty,Some College,2.62584496092273,Fair,28.47736525418899,None,Moderate,None,None,Negative,None,Good,79.4980877972011,0.9120598629550263
Below Poverty,Some College,2.9767430840289193,Good,25.371539279248807,Car,,Minor,Low,Positive,Active,Fair,81.22064334950309,0.3530740490348777
Middle Class,Less than HS,1.600553296311618,Fair,13.224310564313557,Car,Mild,Minor,Low,Positive,None,Good,57.047718797918904,0.23595680244238704
Middle Class,Bachelor,2.010929369712434,Poor,26.363822312041545,Walk,Mild,Minor,None,,Some,Good,83.80064561599676,0.9325114464638465
Upper Middle,High School,3.7604606722704954,Fair,18.638093795179337,None,,Minor,Moderate,Positive,Active,Toxic,55.84438454869409,0.7588404584526941
Low Income,Bachelor,2.9214861485124515,Poor,1.3524319333481922,Walk,None,Minor,Low,Neutral,Active,Good,71.00671119013046,0.641195749250037
Low Income,Graduate,3.594984055768744,Fair,15.4853271506133,Walk,Severe,None,Moderate,Neutral,None,Toxic,69.6801233146021,0.4474798528692887
Wealthy,Graduate,3.700526997455549,Poor,7.051015769712106,Bus,None,,None,Positive,,Toxic,61.88691505704817,
Upper Middle,,2.741516077737393,Excellent,20.014972503449176,None,None,Major,Low,Neutral,None,Good,53.285544892125216,0.6301894455863346
Middle Class,High School,2.534912969514033,Poor,11.52094838269296,Bus,Mild,Minor,Low,Neutral,None,Excellent,60.63471506673636,0.9423081801223977
Wealthy,High School,1.9066731845704346,Excellent,24.87619862698196,Bus,Moderate,Minor,High,Negative,Active,Excellent,76.08291745576597,0.16556563176042394
Low Income,Graduate,3.1981027864264657,Good,,Bus,Severe,None,High,Positive,Some,Excellent,78.35937488974673,0.7349669394466087
Low Income,Less than HS,2.456007270454595,Fair,11.520125933203028,Car,Severe,Major,High,Neutral,Active,Good,51.10654258779695,0.39244115354139464
Middle Class,Less than HS,2.908162320341945,Excellent,15.230124882758048,Bus,Mild,Minor,High,Positive,None,Fair,91.66777280734954,0.9419692091878189
Upper Middle,Some College,2.969710261155674,Excellent,25.706904878699792,Car,Mild,Major,Low,Negative,None,Poor,93.7552302285271,0.27637392741222533
Below Poverty,,3.7003719936169537,Good,2.6545942528340083,,Mild,None,Moderate,Neutral,Active,Excellent,78.4591684229803,0.5015514129605997
Middle Class,Less than HS,2.6679935337656433,,16.346650486507215,None,Mild,Minor,High,Negative,None,Toxic,99.04930952301116,0.0774051108135293
Middle Class,Some College,2.8870064634039925,Excellent,18.86815580232182,Walk,None,None,High,Positive,None,Excellent,99.87732395609265,0.963624295707152
Wealthy,Some College,3.04642909540975,Good,8.95723658058063,Car,Moderate,Major,,Neutral,None,Good,,0.3575277379326737
Below Poverty,Bachelor,2.5390821968558743,Poor,13.585120534340826,Car,Mild,Major,None,Neutral,Active,Fair,98.12646648943019,0.4379144469065378
Low Income,Bachelor,1.8382308214375274,Excellent,17.17638075265175,Bus,None,Minor,Low,Negative,Active,Toxic,72.22666191160052,0.3205464012927982
Middle Class,Bachelor,2.6261071531496794,Excellent,5.9203443273926855,Bus,Moderate,Major,High,Positive,Some,Excellent,80.41682573287491,0.7275544674808967
Wealthy,Less than HS,1.641771780031539,Excellent,10.149584111033505,Walk,Severe,Major,Moderate,Positive,None,Good,65.39886973871843,0.9988934420976664
Low Income,Bachelor,1.9857639571518577,Fair,7.8260951827293,Bus,Moderate,Minor,Moderate,Positive,Active,Excellent,62.562911927947106,0.010800938968442031
Middle Class,Graduate,3.3656988308163114,Poor,22.55245422659072,Walk,,Major,Moderate,Negative,Active,Excellent,93.30575207614262,0.8375011721962022
Wealthy,Some College,3.0596720570852134,Excellent,20.54868857896677,Walk,Moderate,None,Moderate,Positive,None,Excellent,84.73728038359526,0.609602642907673
Upper Middle,Graduate,3.4793999147922126,Excellent,13.005087531477106,Walk,Severe,Major,High,Neutral,Some,Fair,92.19191638220724,0.197425221893185
Low Income,,3.0975176227239563,Good,,Car,Moderate,None,Low,Neutral,Active,Poor,51.81584772009707,0.07644495771103677
Low Income,Bachelor,2.6815599618239867,Poor,23.422100001318842,None,None,None,Moderate,Positive,Active,Excellent,98.5458397664083,0.05610868810801828
Wealthy,High School,2.29118545509815,,16.262901247742946,Car,None,Major,Moderate,Negative,None,Poor,80.19781805638084,0.4125876819870412
Wealthy,Less than HS,2.7942550172784237,Fair,19.04517875925771,,Mild,Major,High,Neutral,None,,83.41394075308227,0.7843372615750527
Wealthy,Bachelor,3.3567964047203396,Fair,17.869641433853282,Walk,Mild,Major,None,Positive,Some,Toxic,54.72840980568102,0.16000110119764688
Upper Middle,Bachelor,1.5337772655791801,Good,28.581793630839325,Walk,None,Major,Moderate,Negative,None,Fair,71.96362037907619,0.4810587194972583
Middle Class,Bachelor,1.9933248013819878,Fair,23.102324388148837,Walk,Severe,Minor,None,Negative,Some,Fair,75.69623538417595,0.05919627693428464
Middle Class,Less than HS,1.7109967210873178,Poor,,Walk,Mild,None,Moderate,Negative,Active,Toxic,93.54985661156488,0.2951939561464153
Below Poverty,Less than HS,2.647930765036797,Excellent,26.958654238773903,None,Moderate,None,Low,Negative,Active,Good,53.78138166061473,0.5728882274869115
Middle Class,Less than HS,2.697291694228036,Good,3.7998566142773984,Bus,Mild,None,Low,Neutral,Active,,70.07446302229253,0.4839570568395035
Upper Middle,Less than HS,3.0817623609937455,Fair,1.1908023633967524,None,None,None,Moderate,Neutral,Some,Excellent,71.21520077547191,0.2706318059311177
Middle Class,Less than HS,2.698123507730421,Poor,4.30048850850265,Walk,Moderate,Minor,Low,Positive,Active,Poor,82.8345268920892,0.16985025424731615
Wealthy,Graduate,3.7535171117838284,Excellent,3.17927733252762,Car,Mild,Minor,Moderate,Neutral,None,Toxic,85.98324744689904,0.303061773878193
Wealthy,High School,3.1560839554533766,Excellent,24.860816361089704,Bus,None,None,Low,Negative,None,Good,79.97026601837293,0.14423900230271713
,High School,3.9534114879463456,Good,17.717863247187815,Walk,None,None,Low,Neutral,,Excellent,81.02106372843971,0.8056214247148638
Middle Class,,2.758597046108683,Good,2.6728976187302225,Car,Severe,Major,,Neutral,Some,Fair,51.467892196612574,0.9807728978108577
Low Income,Graduate,2.0867935585035906,Excellent,26.862855184457235,Bus,None,Minor,Low,Neutral,Active,Good,70.86750087756981,0.14211142183810255
Low Income,Less than HS,3.1900207693236613,Excellent,4.062913494775915,None,None,None,None,Positive,None,Toxic,68.55194846593693,0.02633016692684187
Middle Class,Bachelor,1.6929134480744155,Fair,27.14484642976629,None,Severe,None,None,Positive,Active,Excellent,70.653929865856,0.790674272888855
Middle Class,Less than HS,3.9142260445486614,Excellent,6.893183211705875,Car,Severe,Major,High,Positive,None,Good,80.4690151280927,0.28161102497241597
Below Poverty,High School,3.252182957401227,Excellent,1.0227857124175008,Bus,Severe,None,Low,Positive,None,Good,98.07532374084515,0.18385153959939815
Wealthy,Bachelor,2.0906405127274055,Fair,8.235071568157704,None,Mild,Minor,High,,Some,Excellent,75.78071539880636,0.7407915370569805
Upper Middle,Less than HS,3.7096125192953657,Excellent,4.04357561144642,Walk,Mild,Major,Moderate,Neutral,None,,63.13548673472732,0.6372209445500151
Low Income,Some College,1.5092929532249162,Good,27.361489527101458,Walk,Severe,Major,None,Negative,Active,Fair,58.24293786941581,0.30201884260915846
Wealthy,Bachelor,1.9685157402580196,Poor,16.613826542537534,Bus,Mild,Minor,Moderate,Positive,Some,Toxic,64.95962077543372,0.9537553899783282
Middle Class,Graduate,3.550024460126761,Fair,8.570888095607971,Bus,None,None,None,Negative,None,Poor,86.7595485399169,0.10266263256858532
Upper Middle,Less than HS,,Poor,8.016793857753516,Car,None,Minor,Moderate,Negative,,,54.617258624652415,0.5771448375360797
Below Poverty,Some College,2.250309950803747,Excellent,11.090315802832276,Car,,None,None,Positive,Some,Fair,69.49053696646851,0.27116616536522153
Below Poverty,Some College,3.912518918539304,Excellent,11.244507657027397,Bus,Mild,Major,,Negative,None,Toxic,82.31292273987778,0.942611582475718
Middle Class,,,Fair,20.31649014003876,Walk,Moderate,Major,Moderate,Positive,Active,Good,73.0377651664914,0.8938585804775618
Wealthy,Some College,3.8414854568294095,Good,28.389934075812363,,None,None,High,Negative,,Good,64.24690933044074,0.04551045079062943
Low Income,High School,,Fair,12.930007879706242,Car,Mild,Minor,Low,Positive,Some,Good,50.66798048542632,0.7461688593958622
Upper Middle,Some College,2.9958720888290458,Poor,28.984062856707297,Car,Severe,None,Low,Negative,None,Fair,79.30534033978141,0.9904514971418273
Middle Class,Graduate,1.6728545467446307,Poor,6.72619947623178,Bus,Moderate,Major,High,Negative,None,Poor,72.63047169835,0.75498147269797
Upper Middle,,2.4889179838511426,Excellent,16.558949200243593,None,Moderate,Minor,Low,Neutral,Active,Toxic,65.97209395438078,0.11070191551685515
Wealthy,High School,3.373944921388528,Poor,19.131484139025723,Bus,Mild,Minor,Low,Positive,Active,Excellent,67.79439252034008,0.608405271158052
Upper Middle,Some College,1.8064739126212164,Good,26.920035375395106,None,None,None,Moderate,Negative,None,Good,57.792526075056884,0.5697976024391984
Low Income,Less than HS,2.4313803435272527,Good,3.2497295112402305,None,Severe,Major,None,Negative,Active,Poor,70.4917065184193,0.34133607651326003
Upper Middle,Graduate,3.586622933611314,Good,19.96010498534051,None,Severe,,None,Neutral,Some,Toxic,88.8269371525048,0.27931654037278664
,Less than HS,,Good,5.145198169611342,Car,Severe,Major,Moderate,,Active,,88.32587556862038,0.5117242397583753
Wealthy,Less than HS,3.7393254340293804,Fair,22.471517455297192,Walk,Moderate,Major,Low,Positive,Active,Good,64.12816489497322,
Middle Class,Less than HS,3.1919290275856227,Good,14.94688444969567,None,,None,Moderate,,None,Excellent,64.36447287129624,0.9230465172331788
Wealthy,High School,2.8895273411861178,Poor,22.272715785271266,Walk,Severe,Minor,None,Neutral,Active,,67.50143762064039,0.32095049935775743
Low Income,Bachelor,3.8599097880341686,Excellent,1.5410384071309329,None,Moderate,None,Low,Neutral,Active,Excellent,96.50219899955769,0.19229571937183998
,,2.8400319736150883,Excellent,24.505654135958498,Walk,Severe,Minor,High,Positive,None,Toxic,64.9879877124355,0.5126152517581374
Below Poverty,Some College,2.9149421945766836,Fair,26.789877936679318,None,Severe,None,Low,Negative,None,Fair,55.50388482877691,0.5115527687954874
Middle Class,Less than HS,3.7740330261821535,Excellent,6.858432224346179,None,Mild,,Low,Neutral,Some,Fair,93.69195553146048,
Upper Middle,Bachelor,3.1175477375547422,Fair,11.763654437614472,Bus,Mild,Major,High,Negative,Active,Toxic,86.32515022915406,0.4040013358323311
Wealthy,Bachelor,2.0650690738419675,Poor,12.154887904962983,None,None,Major,None,Neutral,None,Poor,53.90642404460155,0.639299365932345
Middle Class,Less than HS,1.5097617116472053,Good,22.203182123814116,Walk,Moderate,None,High,Neutral,None,,94.21906514152596,0.1627875791398109
Middle Class,High School,2.6650621757859607,Poor,15.563818069804054,Walk,Severe,Minor,Low,Neutral,,Fair,93.61257870171437,0.29798546489413913
Below Poverty,High School,3.21158618763452,Good,,Car,Severe,Minor,Low,Negative,Active,Excellent,63.01535992376853,0.6853167613446679
,Some College,2.430463710087013,Excellent,4.23352134581419,Car,Mild,Minor,Low,Positive,None,Toxic,52.92610693542973,0.8317805018183339
Upper Middle,Less than HS,3.595322828104939,Poor,24.511211293732497,Car,Mild,,None,Neutral,Active,Toxic,80.90373048004612,0.744598218159858
Below Poverty,Graduate,3.4674754834082853,Excellent,,Car,None,,Moderate,Neutral,None,Good,71.763846363448,
Upper Middle,Some College,2.499449394758685,Fair,2.384219379923015,Car,Mild,Major,None,Negative,None,Toxic,98.6317129539747,0.8505556110036888
Low Income,Bachelor,3.2177568588799197,Poor,4.084980330817512,None,,Major,None,Positive,None,Good,76.90478598455965,0.4376470850022418
Low Income,High School,3.6382320915426725,Fair,26.61943098033682,,Severe,Major,High,Positive,None,Excellent,74.37558436465594,0.9050405019045529
Below Poverty,Graduate,3.6743300599734545,Excellent,24.757558018772766,Bus,None,None,None,Neutral,None,Fair,82.54131314177133,0.3985094435797131
Wealthy,Some College,3.8872498319870243,Fair,26.739621703544252,Bus,Mild,Major,High,Positive,Active,Fair,90.14435547369294,0.23214351473367045
Middle Class,Some College,3.394118078902602,Excellent,8.41403683894211,Car,Severe,None,None,,Some,Toxic,98.0800428103508,0.6238824230519191
Middle Class,Less than HS,2.5979939638883094,,9.321922557389566,Bus,Mild,Minor,High,Neutral,Active,,95.52688710264036,0.9746646570998471
Below Poverty,Bachelor,3.6490669799255637,Good,18.13880700516332,Bus,Severe,Minor,Moderate,Negative,Some,Toxic,72.61478153713645,0.7889591489597574
Middle Class,Some College,2.3118365331749215,Excellent,15.266797969761923,None,Severe,Major,High,Negative,Some,Toxic,85.86095252629897,0.6469362197355417
Low Income,Some College,1.7212316944367636,,24.02892843859261,None,Severe,Minor,Low,Neutral,Active,Excellent,99.01140011766543,0.8118129730863481
Wealthy,Bachelor,1.961340675700418,Good,,Walk,None,None,None,,Some,Excellent,50.43611885975598,0.06965772483348764
Middle Class,Less than HS,3.525476499630372,Excellent,13.41849337746936,Walk,None,None,High,Negative,Some,Toxic,52.98300478374251,
Upper Middle,High School,3.7515472132969077,Excellent,11.147246907521552,None,Moderate,None,Moderate,Negative,Some,Toxic,69.474225457904,0.7047419845216994
Middle Class,Graduate,3.4626161420958734,Good,10.735707988516133,Car,Mild,Minor,High,Negative,Active,Fair,78.10608948711813,0.4090410513890218
Middle Class,Some College,2.1241083984281204,Poor,16.663200722306932,Car,None,None,Moderate,Negative,Active,Fair,93.26523294016206,
Low Income,High School,2.9203195205146484,Excellent,15.266885112706676,Bus,None,None,High,Neutral,,Good,53.98972647967104,0.10772241780360059
Wealthy,Less than HS,2.251671024605918,Fair,26.640501753739276,Car,Moderate,Minor,Low,Negative,None,Good,76.17356945904483,0.3731698532447557
Upper Middle,High School,3.7240203715315525,Good,18.26811348033753,,Mild,Minor,Moderate,Negative,None,Excellent,,0.6578661055571559
Low Income,Some College,,Fair,15.648043484460633,,None,Major,None,Negative,Some,Poor,,0.15125573598533026
Middle Class,Less than HS,3.353960491721228,Fair,13.030518836088312,Walk,Severe,None,Moderate,Negative,Active,Poor,95.7359476363674,0.4103493714812225
Upper Middle,Graduate,2.581768924760443,Good,1.8250874505920522,Walk,None,Minor,Low,Negative,None,Good,90.61182602084813,0.865452468786127
Middle Class,Less than HS,1.9689234257024015,Good,8.952733909760969,Bus,Severe,Major,High,Negative,Active,Fair,52.73041019171468,0.044015826600643404
Upper Middle,Some College,2.699003312729649,Poor,5.549799148887956,,None,Major,Moderate,Positive,,Good,88.98210319793648,0.9195823442817439
Low Income,Some College,2.9932476333246427,Fair,18.40631801471654,Bus,Severe,Major,Low,Neutral,Some,Toxic,64.37099421209139,0.5191147695989529
Low Income,Bachelor,2.679073372195956,Good,22.06333704748526,Car,,None,High,Neutral,None,Toxic,58.14133413664766,0.6025795082050915
Below Poverty,Less than HS,1.7901133389766248,Excellent,8.91955633162907,Bus,Mild,Minor,None,Positive,Some,Good,89.6965122023928,0.23104568529763492
Wealthy,Some College,1.5740829227194975,Good,15.684193759571352,None,None,None,Low,Positive,Some,Poor,52.22777383961951,0.4236298327771567
Below Poverty,Graduate,2.527877237494865,Good,19.01128830514595,Car,Moderate,Major,None,Negative,,Excellent,89.22041623010085,0.8639613316869602
Low Income,Bachelor,2.596405194454188,Fair,24.0777473652284,Car,Moderate,None,High,Negative,Active,Poor,93.75290034305155,0.7520832135363937
Middle Class,Less than HS,3.0249396238341184,Fair,17.46679910442122,None,Moderate,Major,,Positive,Some,Poor,64.24449750956458,0.9580750518670699
Wealthy,Some College,2.4936519528198895,Poor,12.539251570938905,Car,Severe,Minor,None,Positive,Some,Fair,51.52047427134015,0.7133071100103122
Wealthy,,1.6042864025924257,Excellent,9.207296882797438,Bus,None,Minor,None,Positive,Some,Excellent,77.3776253223738,0.33352173202238966
Upper Middle,,3.9801019833369873,Excellent,5.9896346865552355,Bus,Moderate,Major,None,Neutral,Active,Poor,97.18927651569774,0.878336281956413
Middle Class,High School,2.3091894980218286,Good,18.728854840112685,Walk,,,Low,Neutral,Some,Excellent,81.25084941558278,0.3480584172131742
Wealthy,Some College,2.0036231500620953,Poor,29.683553410897616,None,Severe,Minor,None,Positive,Some,Poor,57.87384369877887,0.24746510833058322
Wealthy,Less than HS,2.120547624591313,Fair,24.807950832182765,Walk,Severe,Minor,None,Positive,Active,Toxic,91.86662262875245,0.07133935474083164
Middle Class,Some College,3.5733082069072877,Excellent,16.33712337991973,Bus,Severe,Minor,Low,Negative,Active,Excellent,92.5359175627384,0.28996768913879145
Middle Class,Graduate,3.6088878896381527,Fair,25.405625411782744,None,Mild,Major,High,Negative,Some,Excellent,83.6687752727126,0.22621571889729897
Upper Middle,,3.7354318999901466,Poor,20.43754215155862,Car,None,None,Low,Positive,None,Fair,59.38506296722774,0.9727688181510504
Below Poverty,Bachelor,2.6192017852040377,,11.219076403105708,Walk,Moderate,Minor,Moderate,Negative,None,Poor,58.687677558370765,0.5913484576632773
Wealthy,Less than HS,2.462620691164035,Good,25.2293467356561,None,Mild,None,Low,Positive,None,Toxic,56.657052720214956,0.08365774197142639
Low Income,High School,3.6241958639693443,Fair,1.263599978460248,Walk,None,Minor,Moderate,,Some,Toxic,88.94393480198329,0.7277500510770766
Below Poverty,Some College,3.8995373777550615,Excellent,16.02720752095328,Bus,None,Minor,Moderate,Negative,Some,Toxic,76.9166543460893,0.8168526043786652
Middle Class,Some College,2.0413001100607886,Excellent,3.589064292798979,Car,Mild,Major,None,Negative,,Poor,50.98428538748435,0.014029419137495336
Below Poverty,Less than HS,2.642160092245324,Fair,4.3047656781149755,Bus,Severe,Minor,Moderate,,Some,Toxic,65.6463387690637,0.5165425900319774
Upper Middle,Graduate,3.4066022430022853,Fair,21.54045988579387,None,None,,Moderate,,Some,Toxic,69.67025287200346,
Middle Class,Graduate,3.8429479259442725,Excellent,23.32666578524721,,Severe,Major,Moderate,Neutral,Some,Fair,77.07973992650149,0.07813809443324682
,High School,2.635561647166382,Fair,26.15972490947409,Walk,Mild,Major,Low,Negative,Some,Toxic,87.05089723479804,0.09198341538459986
Middle Class,Less than HS,2.3302701869544604,Poor,10.212655557063396,None,Severe,Major,None,Positive,Active,Excellent,80.7381574873123,0.7850161738722724
Wealthy,High School,1.6166990169682918,,7.18968627062641,Walk,Mild,Major,Moderate,Neutral,Active,Excellent,,0.7386556923462269
Below Poverty,Graduate,3.156798222876903,Excellent,10.361042817020204,Walk,None,Minor,None,Neutral,Some,Toxic,84.12393548995854,0.7692635000924792
Low Income,Less than HS,2.9202973193482458,Good,24.720771634758716,Bus,Severe,None,Low,Negative,None,Poor,83.99281269965073,0.06107081036607098
Wealthy,Graduate,2.8654008768621386,Poor,29.485305063013783,Car,Mild,Minor,High,Negative,Active,Poor,57.36864386795774,0.685920324417724
Middle Class,Graduate,2.6242863173681257,Good,4.615308939823107,Bus,Mild,Major,High,Neutral,None,Good,99.92185433777274,0.40243346093485666
Low Income,Graduate,2.603667362897954,Excellent,21.222569476319705,None,Moderate,None,High,Negative,Active,Excellent,84.15709915953431,0.23040553440129252
Low Income,Less than HS,2.1579820299575667,Poor,14.474452231840512,Bus,Severe,Major,Moderate,Positive,None,,78.10248785576292,0.39436876683726574
Upper Middle,,2.1010961131585804,Good,17.380693103716848,Car,Severe,Minor,None,Neutral,Some,Fair,54.53558995175713,
Middle Class,Less than HS,2.89238525427633,Excellent,26.312627602409332,Bus,Mild,None,Low,,None,Fair,69.54435864783503,0.12270251263349063
Middle Class,Bachelor,3.689058847540977,Good,27.196820145061185,Car,Mild,Minor,None,Positive,Some,Excellent,77.98006317408034,0.33443541003618293
Middle Class,Some College,3.387571944260353,,1.7958659286209058,Walk,None,Minor,Moderate,Neutral,Some,Fair,61.06850872409741,0.2980688043754688
Middle Class,High School,3.8438365085735935,Good,,None,Moderate,None,None,Positive,Active,Poor,52.072372979937214,0.5556420931935688
Low Income,Less than HS,3.523309799757317,Good,2.889890552479339,Walk,Severe,None,Moderate,Negative,None,Excellent,88.812740606636,0.08030140577963818
Wealthy,Bachelor,,Excellent,7.665001077500971,Car,None,None,None,Positive,None,Fair,58.71955456657274,0.38073152288686396
,Graduate,2.8285670439472246,Fair,11.25772707057091,Car,None,None,Low,Positive,Some,Toxic,99.0507402192737,0.8744833641736323
Middle Class,High School,3.8894429579473715,Excellent,8.974331402316054,Walk,Severe,Major,Moderate,Neutral,Some,Good,93.67431648608925,0.8715347776994867
,Less than HS,3.5058378310317635,Fair,3.884846589691417,Walk,Mild,None,High,Negative,Some,Toxic,50.770408021725075,0.4871270395830066
Upper Middle,Bachelor,2.6808666784361086,Fair,25.720450728015308,Bus,Severe,None,Moderate,Positive,None,Excellent,90.48600731376408,0.8127139075094523
Upper Middle,High School,2.53466559803074,Excellent,1.4033734519785606,Bus,Moderate,None,Low,Negative,,Poor,72.10707596812448,0.15981658181863168
Low Income,Bachelor,1.6954201882140019,Good,22.33879190052791,Bus,Moderate,,None,Negative,None,Toxic,68.5355229956767,0.18187747460962245
Low Income,Graduate,2.033537042599752,Good,2.644451823729378,Car,None,Major,None,Positive,Active,Fair,75.46150010000297,0.05491825900135183
Upper Middle,Less than HS,2.7011433590499183,Excellent,14.998059260750896,Walk,Moderate,Minor,Low,Negative,None,Toxic,77.7517284360383,0.7593646362475331
Low Income,Bachelor,1.817344751450339,Good,,Car,Mild,None,High,Negative,,Toxic,87.76632219706266,0.657553279668513
Below Poverty,Graduate,1.6635731307739972,Poor,16.432973116452334,Car,Moderate,Minor,Moderate,Neutral,Active,Poor,97.64718845853423,0.7743804646719186
Wealthy,,2.247436523215611,Poor,15.578507311238411,Bus,Severe,Minor,,Positive,Some,Poor,95.39027090537725,0.3182782901898693
Low Income,Graduate,2.304089337322864,Fair,4.5909284155359735,None,None,Major,None,Positive,Some,Fair,85.33620009349025,0.24848692040331588
Middle Class,Some College,,Fair,24.102985889685662,Bus,Mild,Major,Low,Positive,Active,Excellent,79.96547104826789,0.4979306338587238
Below Poverty,High School,1.9701700840999457,Excellent,9.062009768744309,Car,None,None,Low,Positive,None,Toxic,75.12985715528657,0.20093006079404974
Upper Middle,Graduate,2.9826470096933395,Excellent,6.982125009064256,Car,Severe,None,Low,Negative,Active,Excellent,69.93933800783745,0.2875758216199892
Wealthy,High School,2.1352951690006967,Excellent,18.099007279177936,Walk,Mild,,None,Neutral,None,Poor,91.18474160264174,0.24187736695046325
Middle Class,Graduate,,Fair,6.19688712088955,Bus,None,None,,Neutral,None,Excellent,85.88248907146675,0.9887343443493921
Wealthy,Some College,1.7198879955463906,Fair,9.826756879584929,None,Mild,Minor,Low,Neutral,Active,Good,57.475485160354886,0.9377499205519004
Upper Middle,Graduate,2.623110097515957,Good,1.24296345093601,Car,Moderate,Minor,High,Positive,Some,Fair,83.2188409891931,0.2724678927454992
Below Poverty,Bachelor,2.0983293897157465,Good,6.818952430529439,Bus,Moderate,Major,None,Negative,Some,Toxic,59.67729399657905,0.7582135901161178
Low Income,High School,3.443333746179534,Fair,24.81455798869576,Walk,None,None,Moderate,Positive,None,Poor,51.29959457996089,0.761576947925685
Low Income,Less than HS,1.9215812943521033,Good,25.973371612356935,Car,Moderate,None,Low,Neutral,None,Toxic,83.04198141578357,0.32748874316356436
Low Income,Bachelor,2.2523516051953694,Good,12.295235545857985,Bus,None,Minor,None,Negative,Active,Toxic,79.1499588183663,0.502704522009727
Low Income,Graduate,1.6494571352803387,Fair,26.837069361701683,,None,Major,Moderate,Negative,Active,,86.03399306213399,0.6880801918788336
Upper Middle,Bachelor,1.6522210497563754,Poor,12.834691542148533,Bus,Mild,Minor,Moderate,Positive,Active,,92.56841619581965,0.1584065682837681
Upper Middle,Bachelor,1.8871260613122705,Excellent,23.88507308988912,Walk,Severe,Major,Moderate,Negative,Active,Toxic,73.4860407195076,0.15214811838468123
Wealthy,High School,2.1073065666955966,Excellent,4.6488446281837215,,Severe,Major,High,Positive,,Good,65.4917282884132,0.3652031053202518
Low Income,Graduate,1.5933017059838765,,11.35479157253694,Car,None,Minor,None,Positive,None,Fair,82.16038149236994,0.5285930934881748
Upper Middle,,2.710079764979135,Poor,25.159236321976262,Bus,Severe,Minor,None,Positive,None,Poor,51.57649572233215,0.3116388378864988
Low Income,,2.6440872413067154,Poor,5.437687895980936,Bus,None,Major,Moderate,Negative,None,Toxic,79.76981472639511,0.8980198379470604
Upper Middle,High School,2.56319268889777,Poor,18.026487793790018,Walk,None,Major,,Negative,Active,Poor,,0.5470209252640665
Below Poverty,High School,3.345426970296219,Excellent,12.866483531046638,Walk,Mild,None,Low,Positive,None,Excellent,87.41969508188129,0.010366295144830895
Upper Middle,Graduate,2.117010010295819,Excellent,12.368836343508113,Walk,Mild,Minor,None,Neutral,None,Fair,67.12544985724995,0.9201974359086086
Upper Middle,Less than HS,2.5956013265788567,Fair,26.747871070568024,None,Moderate,None,High,Positive,None,Fair,89.46826020687112,0.791483810678075
Wealthy,Graduate,3.466532641715885,Excellent,10.3872412491448,Walk,None,Major,Low,Negative,Some,Toxic,73.95673980664317,0.9347791243791695
Wealthy,Bachelor,2.725947185728836,Good,1.3215886611977916,Walk,Mild,None,None,Neutral,None,Fair,55.802291495128095,0.14787076670918742
Wealthy,Bachelor,3.998956643126109,Poor,14.510945648123624,None,None,None,Low,Positive,Some,Fair,73.63937912100207,0.042961994096287315
Low Income,Some College,,Fair,2.085095334395837,Bus,Moderate,Major,Low,Neutral,Active,Toxic,69.19404128749186,0.9685005175129886
Wealthy,Graduate,2.336579257066708,Poor,2.5135109125130284,Bus,None,Major,Low,Negative,Some,Fair,55.37142148338343,0.6757420206241617
Wealthy,Bachelor,3.5214343992665555,Good,28.648733771277488,Car,None,None,,Positive,Active,Fair,90.58629411815386,0.3728638777618022
Low Income,Bachelor,2.019247773647499,Fair,5.8940897830207355,None,None,Major,High,Positive,Some,Good,77.4746290749129,0.6895116301205063
Low Income,High School,1.654387914165023,,16.487751655925983,Car,None,None,High,Negative,,Toxic,74.72700528338603,0.35968248551597903
Low Income,High School,1.5421148860279772,Fair,19.2138320865999,Car,,Major,Moderate,Positive,None,Good,82.8718262886739,
Upper Middle,High School,3.772858997292339,,11.082683715548768,None,Moderate,Minor,Moderate,Neutral,None,Toxic,74.49913195042468,0.7541463243540587
Wealthy,Bachelor,3.7852607731337606,Good,1.0988644079271181,Bus,Severe,,Low,Negative,Active,Good,85.38977517693243,0.5999654574849783
Upper Middle,Some College,3.542846940523468,Poor,25.45578075899062,None,None,Major,None,Neutral,Active,Toxic,97.04276562131474,0.9447969196437096
Upper Middle,Less than HS,2.1449686279779225,Excellent,29.251770136799614,Car,None,None,None,Negative,None,Good,66.62878855561847,0.12791696733483626
Middle Class,Less than HS,1.989568350739678,Good,28.59427963182682,None,Severe,None,High,Negative,None,Fair,88.13991501051272,0.6413160057551294
Low Income,High School,,,14.556985656702992,Bus,None,Minor,High,Negative,Some,Excellent,62.30375715018505,0.17764886122979184
Middle Class,Less than HS,3.1552094115712785,,8.922462731741465,Bus,None,None,Low,Positive,Some,Good,96.63752796649936,0.22538697824381826
,Bachelor,3.7604792430489073,Poor,29.753778271278872,None,None,None,Low,Neutral,Active,Fair,98.13543843021347,0.19233762029904067
Upper Middle,High School,2.4870005822423433,Poor,,Car,,Major,High,Neutral,Some,Poor,63.35837872950887,0.5450410110146128
Low Income,Bachelor,2.9420765697020648,Fair,25.691966143592065,Walk,Mild,Minor,High,Negative,Active,Excellent,71.10561087751441,0.9139647724945978
Below Poverty,High School,1.6592866833161288,Poor,14.049003021352691,Walk,Mild,Major,None,,None,Fair,53.71956188760684,0.6447519644458924
Middle Class,Less than HS,2.1210922841765028,Poor,13.059068127419799,None,Severe,None,None,Positive,Some,Poor,64.74986251316679,0.21776216073253984
Upper Middle,Some College,2.6835607389362184,Excellent,9.99750447718299,Bus,Severe,Major,None,Positive,Some,Toxic,56.49603561251119,0.7842407634229916
Wealthy,High School,2.395361255196212,Excellent,27.70632732264548,None,Moderate,None,Low,Neutral,Active,Excellent,50.5319645773896,0.7271744040339935
Wealthy,Some College,3.8565889567679443,Fair,18.200046832926695,Bus,None,Minor,Moderate,Negative,Active,Good,,0.2332257507220563
Wealthy,Less than HS,2.986396127675728,Poor,20.250621367413125,,Mild,None,None,Positive,Active,Fair,60.815084734986016,0.3751661054058337
Wealthy,Graduate,3.461875083926661,Good,15.607305445567853,None,Severe,None,High,Negative,Some,Excellent,96.03483317458345,0.09381784696672857
Low Income,Graduate,3.2732130906805583,Poor,2.3953237223271278,None,Moderate,Minor,High,Negative,Active,Toxic,81.42085285004104,0.4936276891933291
Upper Middle,High School,1.7200445213988371,Poor,21.16785764243178,Bus,Moderate,Major,None,Negative,Some,Poor,65.39659943640694,0.6960095091374903
,Some College,,Good,19.180106649795935,Car,Moderate,Minor,High,Neutral,None,Good,91.64438039525987,0.8339431394624554
Below Poverty,Graduate,1.9815839291861923,Good,18.303070644302974,Car,Mild,Major,High,Positive,Active,Good,68.27335823532309,0.7804166559309591
Below Poverty,High School,1.8740175718982164,,22.65869036651744,Car,Mild,None,Low,Negative,None,Toxic,85.83420203330621,0.5417608042732937
Middle Class,Graduate,3.6428589722603935,Excellent,7.7915974985771195,Walk,Severe,Minor,Low,Neutral,Some,Toxic,95.67494051570279,0.28821206598654336
Low Income,Some College,1.9580766616237093,Fair,19.15372675262605,Walk,Mild,Major,High,Neutral,Active,Toxic,56.158988650877305,0.9851034721411035
Low Income,,1.6685708477044128,Excellent,19.173642020856512,Car,Moderate,Minor,Low,Negative,None,Excellent,78.68143950176645,0.7933770024607643
Low Income,Graduate,1.543454087953392,Poor,29.068075224926428,Car,Severe,Major,Low,Negative,Some,Fair,80.87381240000843,0.5350699824141569
Upper Middle,Less than HS,,Fair,22.356083410608882,Bus,None,Minor,High,Positive,Active,Toxic,94.02016151012846,0.5694928997224825
Wealthy,High School,3.921564785838531,Poor,28.501787689493092,Car,Mild,None,None,Positive,Active,Excellent,,0.7419653773897853
Low Income,Graduate,3.91497354334217,Poor,7.132131877371028,Walk,None,Major,High,Neutral,Some,Fair,67.27628575117744,0.6980851299324866
Below Poverty,Some College,2.9810458038695202,,19.136686697885217,Car,None,Major,High,Positive,None,Poor,52.7978148497123,0.9322969061080054
Upper Middle,,1.9885315893596665,Excellent,1.6413785678057289,None,Severe,Minor,,Negative,Some,Excellent,83.18196669708892,0.13814339006498433
Low Income,Some College,,Excellent,15.884693834076492,Bus,Severe,None,Moderate,Negative,None,Fair,56.50369638139126,0.3095527988393706
Middle Class,Bachelor,3.0883234379282714,Poor,21.0792142355614,Bus,Mild,Minor,Low,Negative,Active,Good,66.13003456026067,0.7149279662873911
Wealthy,,3.1411423118620765,Poor,11.384503581549632,Bus,Moderate,Minor,None,Neutral,Some,Excellent,58.701903638015715,0.5511007575659141
,Bachelor,3.210343106418356,Poor,13.279314353544297,None,Mild,None,High,Positive,Some,Good,,0.920586773086044
Low Income,Less than HS,3.712346352570577,Excellent,25.683277002910607,Bus,None,Major,High,Positive,Active,Fair,91.81143872602308,0.430728542967422
Upper Middle,Graduate,1.5145122531564539,Poor,17.67223748499961,Bus,Severe,Minor,Low,,None,Poor,57.7793062694048,0.220836567311964
Below Poverty,High School,3.2786382601963533,Fair,10.386998347904735,Car,None,None,Low,,Active,Toxic,91.88491436595909,0.07505450198934493
Low Income,Graduate,3.6237190520905362,Good,4.460983925861486,Walk,None,Minor,None,Neutral,None,Good,58.14718619491013,0.4883412327481067
Upper Middle,Some College,3.5956329528011266,Poor,9.2005840605593,Walk,Severe,None,Moderate,Positive,Some,Poor,65.01254556065427,0.7978287019665748
Below Poverty,Bachelor,3.756436193223013,Poor,8.689418989194483,Car,None,Minor,None,Neutral,None,Toxic,78.84585324815983,0.13669044135956465
Below Poverty,Bachelor,1.5068903487365093,Excellent,28.342680768167405,Walk,,None,None,Negative,Some,Toxic,62.59584340182484,0.8740438659228247
Middle Class,Bachelor,2.4013640711840463,Fair,8.986424343656156,Car,None,None,None,Negative,Some,Toxic,73.87672479291287,0.7608896409931906
Wealthy,Graduate,1.920859592429676,Fair,15.10080266331373,Bus,Moderate,Major,Low,Neutral,Active,Toxic,80.60147807125983,0.14574085988521435
Below Poverty,Less than HS,2.883353044939459,Good,14.771086540596933,None,Mild,Minor,,Negative,Active,Excellent,88.0320870008502,
Upper Middle,High School,2.712183348679036,Fair,23.995998417061454,None,Mild,None,Low,Negative,Some,Toxic,,0.5469659300061207
Wealthy,Less than HS,2.0455044241733855,Fair,26.056931442419028,Car,Severe,None,High,Negative,Active,Poor,95.97097114717977,0.2437786573879559
Upper Middle,Less than HS,3.1868068190828285,,8.96659726407442,Walk,Severe,Minor,None,Neutral,None,Poor,61.06181529248214,0.5614987318679026
Upper Middle,Bachelor,2.625362136952302,Good,25.24279588022286,None,,None,High,Positive,Active,Excellent,59.41317847089929,0.008664852537306644
Middle Class,Less than HS,3.8023567943950622,Fair,22.934062901299882,Bus,Moderate,Major,Moderate,Negative,None,Excellent,50.84415267409775,0.03664263430596537
Low Income,High School,1.796196730685826,Excellent,1.2388239573232704,Walk,Mild,Minor,Moderate,Neutral,None,Fair,50.67121110318751,0.5775927618624916
Middle Class,Less than HS,3.5770577172886484,Poor,13.584281623868057,Walk,Moderate,,None,Positive,None,Excellent,64.20307669630702,0.2262244111406051
Upper Middle,Less than HS,,Excellent,22.081958918177072,Walk,None,Minor,High,Positive,Active,Toxic,93.95375255304714,0.5616224474037157
Low Income,Less than HS,3.5353305644427753,,13.433546433232374,Bus,Mild,,Moderate,Negative,Some,Toxic,66.85479349993967,0.5126295120072731
Below Poverty,Some College,2.040268026976953,Excellent,2.2832432798305753,Car,Moderate,,Low,Negative,None,Poor,,0.6311217816902238
Upper Middle,Bachelor,2.2663045123173555,Excellent,24.198447157686637,Walk,Mild,None,Low,Positive,Some,Good,52.762962959622925,0.08526809717361317
Upper Middle,,1.9892638819608814,Poor,7.273973704982663,,None,Minor,Moderate,Negative,Active,Excellent,80.20049014485596,0.46866700918217874
Upper Middle,,2.5318794215019107,Good,27.292078171822887,Walk,Mild,None,High,Neutral,None,Fair,92.81001656601526,0.2714462076611789
Below Poverty,Some College,2.271749560758087,Good,27.77004988961418,Walk,Mild,None,Low,Negative,Active,Good,62.80294845719657,0.557055410048789
Below Poverty,High School,2.655662257556905,Fair,19.024647518841547,Bus,Moderate,None,High,Negative,Active,Good,,0.7483181950174748
Upper Middle,Less than HS,2.654744641316241,Excellent,10.643427058847,Car,Severe,Minor,High,Neutral,Some,Poor,81.95505314790309,0.4713806248077318
Upper Middle,Bachelor,,Poor,26.69620200911757,Walk,Severe,Major,Moderate,Neutral,Some,Toxic,67.72074922436121,0.44958267386454553
Below Poverty,Bachelor,3.0275791661624982,Fair,21.584876832076,,Severe,Major,Low,Negative,Active,Excellent,69.59360859655557,0.14780917299726026
Low Income,Less than HS,3.095909718783981,Fair,16.363913738026724,Walk,None,None,Moderate,Positive,Active,Poor,99.03131698607737,0.8163098351073941
Below Poverty,Graduate,2.484120455870002,Poor,27.506293157557348,None,Severe,Minor,High,Negative,None,Good,96.76617271497048,0.15766830500303075
Middle Class,Graduate,3.061324325400806,Fair,24.9917078317675,Car,Moderate,None,None,Negative,Active,Toxic,82.33874687539773,0.12717790837479848
Below Poverty,High School,3.3402667542592703,Fair,15.44465877701999,Bus,Severe,None,High,Neutral,Active,Toxic,88.07744137098986,0.7717498054739681
Middle Class,High School,1.6423219948011023,Fair,14.682941826287536,Walk,None,Major,High,Positive,Active,Fair,60.464686175787165,0.9748798632050408
Middle Class,Some College,,Good,29.68684166732212,Walk,Severe,None,None,Positive,Active,Poor,73.01221603499854,0.17407920001914878
Upper Middle,Less than HS,3.7102539632595506,Good,23.044398364328003,,Moderate,Minor,High,Positive,None,Excellent,,0.4425938168850433
Low Income,Bachelor,1.8243078041286909,Good,,Car,Mild,Minor,Moderate,Neutral,Active,Fair,83.91253760553835,0.0587700897540423
Low Income,Some College,3.6831766848721235,Excellent,5.467954761463053,None,Mild,Major,High,Positive,Some,Good,98.95785966481279,0.9701040105215761
Wealthy,Graduate,1.7265764824216374,Good,13.255487680519954,Bus,None,None,None,Negative,Active,Poor,96.30078042343378,
Below Poverty,Some College,1.5853223227771713,Poor,4.334184991666602,Bus,Severe,Minor,Low,Positive,Some,Good,76.36088006218081,0.8396316869128824
Low Income,Less than HS,3.3755469607105044,Excellent,20.642359891731676,None,None,None,Low,Neutral,Some,Good,51.90598664477825,0.5083820559164913
Wealthy,High School,2.261192981331821,Poor,17.415092191869398,None,Mild,Major,Moderate,Negative,None,Good,64.69085582196364,0.7050892987092364
Upper Middle,Bachelor,1.7809227406229875,Good,11.494832986826257,,Severe,None,Low,Neutral,None,Poor,81.13324844791137,0.4750292929256613
Middle Class,Graduate,1.9002569842375547,Good,6.17160154379121,None,,Major,Low,Negative,None,Toxic,53.29887408305742,0.46477146599593655
Below Poverty,Bachelor,3.072767089150385,,,None,None,Minor,Low,Neutral,None,Toxic,98.84606645000288,0.6209167066270684
Low Income,Bachelor,3.6398856898956136,Excellent,17.27436042540208,Bus,Moderate,Minor,None,Positive,Some,Toxic,79.42080578279253,0.7153825371942473
,Some College,2.9620894609035724,Fair,17.35108798440451,Car,Severe,Minor,Low,Negative,Active,Good,59.660256891549636,0.8794222547332033
Upper Middle,Graduate,2.446172864439659,Poor,7.337428600251958,Walk,Severe,Minor,Low,Negative,None,Toxic,89.4543369301101,0.7029767327266183
Below Poverty,Less than HS,2.6558559493537395,Excellent,14.428001966174781,None,Moderate,None,Low,Neutral,None,Toxic,62.3429250347603,0.9014027951618464
Below Poverty,Less than HS,3.4442034579517986,,23.173386318249886,Car,Moderate,Major,None,Neutral,Some,,82.91332121443679,0.23087510291603097
Upper Middle,Graduate,,Poor,20.817665958746044,Car,Moderate,Major,Moderate,Positive,None,Poor,99.85560329642118,0.26129984661293504
Wealthy,Some College,3.515461109460204,Excellent,23.96800193419613,None,None,Major,Moderate,Negative,Some,Toxic,63.4649474978484,0.2337718769402558
Below Poverty,Graduate,2.1611899883256114,Poor,3.3466260291509,Bus,None,Major,None,Neutral,None,Poor,52.27220327780698,0.10440352081452353
,Some College,3.8967066030842337,Fair,4.708656910634505,Car,Moderate,Major,High,Negative,None,Good,94.76919052327341,0.5873215284411802
,Less than HS,2.3157032520460676,Fair,20.457305659558372,Car,Mild,None,,Neutral,None,Good,56.14171489880092,0.39333004489414714
Below Poverty,Less than HS,1.9550237130296784,Fair,19.467411662971166,Bus,Moderate,Major,Moderate,Positive,None,Toxic,94.1599221887657,0.6049622966916097
Low Income,Bachelor,3.9299183667594626,Good,7.3207932077356626,Walk,Moderate,,None,Negative,None,Toxic,62.880720124614854,0.5239949383187902
Low Income,,1.8814407969037297,Fair,4.90180043806215,Car,Severe,Minor,High,Positive,None,Toxic,84.7452500122601,0.5774110909342475
Below Poverty,High School,3.8819283851669217,Good,19.638567756044637,Car,Severe,Major,None,Positive,None,Fair,50.30194985861552,0.3533551987544016
Middle Class,Some College,1.5681564981655867,Good,29.594962744650466,None,None,Major,,Neutral,Some,Good,77.52112245835494,0.1992145511637553
Wealthy,Some College,3.2212679390250014,Poor,11.41943327004273,Walk,Severe,None,Moderate,Positive,,Poor,53.227832619460834,0.6833122568560122
Below Poverty,,3.299203776302376,Good,20.12645631389793,None,Mild,None,None,Negative,Some,Poor,96.53119748822769,0.7084308684176849
Wealthy,High School,2.311410493531266,Excellent,5.902089036721536,Bus,None,None,None,Neutral,Active,Toxic,89.43722615878383,0.9326468558862782
Wealthy,Some College,1.686992494644755,Fair,11.646664391037568,Walk,Severe,Minor,High,Negative,None,Poor,59.7482374512909,0.26042600782720904
Low Income,Bachelor,1.8709494924293313,Excellent,10.758258238165801,Car,None,None,None,Negative,,Good,56.06421854722942,0.8369041478705975
Wealthy,High School,3.7780894569720487,Excellent,,Car,Severe,Major,,Negative,Some,Poor,92.13708495918377,0.0315274494820168
Middle Class,High School,1.6528520113630685,Poor,9.609350780213608,Bus,Moderate,Minor,Low,Positive,None,Excellent,,0.04559222272236363
Upper Middle,High School,3.8338043930175663,Fair,3.3572200428569805,None,None,Major,Moderate,Positive,Some,Poor,52.47024489551181,0.6522975427950892
Below Poverty,,2.8304172647565125,Good,8.79584845535122,Walk,None,Major,None,Positive,Some,Fair,65.00280028774044,0.16964487719273147
Low Income,Graduate,3.81549912096825,Fair,8.8904646466296,None,Mild,Major,High,Negative,Active,Toxic,58.33704096200003,0.25501621569767974
Below Poverty,Graduate,1.8959092206303518,Poor,8.019981685248954,Car,Moderate,Major,None,,Active,Toxic,76.96983185024789,0.8698481895660267
Upper Middle,Less than HS,2.712648156475397,Excellent,18.311244711086268,Bus,Mild,None,Low,,None,Poor,53.86156622701804,0.6341731839075726
Below Poverty,Less than HS,2.927780242558782,Excellent,27.746032758226267,None,Moderate,Minor,Low,Negative,None,Fair,56.349671314000084,0.8396959611676929
Below Poverty,Graduate,,Fair,22.56831333846964,Walk,Severe,Minor,Moderate,Neutral,None,Excellent,87.33498103121522,0.4523102406510041
Low Income,Less than HS,3.7145488214497258,Excellent,12.83781193487033,Car,Severe,None,Low,Positive,Some,Good,96.27676889570921,0.7374267712403034
Low Income,Some College,2.0894863578935063,Good,26.00297284549873,Walk,None,None,Low,Positive,Some,Good,73.03237258693287,0.3017739879907574
Low Income,Some College,3.7662418606494263,Excellent,22.578970072821335,None,Moderate,Major,Low,Neutral,None,Toxic,87.25137736339357,0.15913121928396778
Low Income,High School,,Poor,17.86181659036106,Car,Mild,None,,Neutral,,Toxic,78.7024596150538,0.20751657660493705
Low Income,,3.8520803168661057,Excellent,4.992333360240424,Walk,Moderate,None,High,Positive,None,Poor,68.77448412468199,0.9242665713200178
Below Poverty,Some College,1.921594860985066,Fair,10.832620037842377,Walk,None,Minor,High,Positive,Active,Excellent,90.16578779645803,0.5764663783702861
Low Income,,2.0121113727656352,Excellent,8.07242800978703,None,Moderate,,None,Positive,None,Toxic,50.16209432068769,0.2054113114935372
,Some College,2.2797567541519785,Excellent,4.478558741391991,Bus,Mild,None,Moderate,Negative,Some,Excellent,79.38975199429973,0.19551604835848113
,Less than HS,3.57471854672637,Fair,,Walk,Severe,None,None,Negative,Active,Toxic,83.64350816999612,0.6567100855435049
Below Poverty,Graduate,2.1725721521689483,Good,12.044703956491965,None,Moderate,Major,None,Neutral,Some,Poor,67.4732324649961,0.6516596044697046
Upper Middle,Some College,2.341823225578167,Good,29.746955769097678,Bus,Severe,None,Moderate,Neutral,Some,Toxic,77.55076892070488,0.7731271380528142
Upper Middle,High School,1.6218305310654901,Fair,18.087111508719968,Car,None,Major,Low,Neutral,Active,Fair,83.48281226752326,0.781349753903841
Low Income,Bachelor,1.9764405396152085,Excellent,7.5619177169450555,Walk,None,Major,None,Positive,Some,Fair,,0.10975515435468175
Upper Middle,Bachelor,3.5720378790958995,Good,9.419644729106412,Bus,Moderate,None,None,Neutral,Some,Good,77.84750553465892,0.13106020106066074
Upper Middle,Less than HS,3.0651888202153863,Good,16.072360657290123,None,Severe,Minor,None,Negative,None,Excellent,85.26103294244442,0.393748567275377
Wealthy,Less than HS,2.2464741916837925,Excellent,13.123670859642388,Walk,Severe,Minor,None,Neutral,Some,Good,71.43629188423442,0.8511276581053506
Low Income,High School,2.6841826603484575,Poor,1.3712234297871622,Bus,None,None,Low,Neutral,Active,Toxic,59.10860144663413,0.01703947289324592
Middle Class,Graduate,2.9233506642051648,Fair,8.028689672226573,Bus,Moderate,None,Moderate,Neutral,Active,Fair,83.52857989586812,0.8035536451949798
Below Poverty,Less than HS,1.8280711757195593,Fair,17.629465727353,Car,Mild,Major,Low,Positive,Active,Poor,73.29292858785503,0.0874372015354895
Below Poverty,Some College,2.0635804685412653,Good,10.79824695734007,Car,Moderate,Major,Low,Neutral,Active,Excellent,62.561491173773426,0.772841974857987
Middle Class,High School,2.926445403394232,Excellent,10.967830425206888,None,None,Major,None,Positive,Active,,83.2664597450484,0.12748092751182827
Low Income,Bachelor,3.085422680524967,Fair,26.85494632880504,Walk,None,None,Low,Positive,None,Excellent,84.58561074509497,0.934266304893495
,Bachelor,2.678542042422637,Excellent,3.1531083092283465,None,Severe,Major,None,Negative,Active,Good,64.97499432419728,0.6503413816521133
Low Income,Bachelor,3.9256972413315867,Excellent,17.993471971407132,None,Moderate,Minor,Low,Neutral,Active,Poor,78.23745625650412,0.5972144864601201
Middle Class,High School,2.605763736375848,Good,28.37729166981968,Walk,None,Minor,Moderate,Neutral,Active,Fair,93.23123017441169,
Middle Class,Bachelor,3.5834446293603905,Fair,28.269344110217755,Car,None,Minor,Moderate,Negative,None,Fair,97.1862506142559,0.6770440589892888
Middle Class,Less than HS,2.9789526970291638,Excellent,,,None,Minor,Low,Negative,,Poor,78.77324198109625,0.54677703642979
Upper Middle,High School,,Excellent,4.205965093865462,Bus,Moderate,Major,Low,Negative,Active,Toxic,62.05602667182347,0.9912936479012593
Middle Class,Less than HS,2.172629288379377,Excellent,15.380122499099018,Walk,None,Major,Moderate,Negative,Some,Fair,90.96622127300577,0.8300001770765879
Wealthy,Some College,2.9710082696365947,Poor,29.28317068468631,None,Moderate,Minor,High,Negative,None,Good,52.531414705332416,
Middle Class,Graduate,3.3284701779789936,Excellent,19.22824713369066,,Severe,Minor,High,Positive,Some,Toxic,65.64864604595621,0.4201387863043572
Wealthy,,3.0212531644922667,Good,22.957028778354143,Bus,Mild,None,Low,Positive,Active,Good,67.77259559920256,0.011026985679211898
Middle Class,High School,1.6536536788840053,,14.333008800111475,Car,Mild,Minor,Low,Neutral,Active,Fair,52.94487358003745,0.5410073596565425
Wealthy,Some College,3.7293513294151,Excellent,25.18136410836137,Car,,Minor,Moderate,Neutral,,Poor,89.03858801292927,0.5998094538340457
Low Income,High School,2.376497227070864,Fair,3.3669886455641596,None,Severe,Minor,,,Active,Toxic,78.59548516913324,0.01975085180082692
Middle Class,Less than HS,2.9104460297624457,Excellent,14.514458223068248,None,Severe,Major,Low,Negative,Active,Excellent,72.02838149887162,0.43479274797298206
Low Income,Bachelor,1.7344010429094845,Good,23.22658046755351,Bus,Mild,Minor,Low,Positive,None,Good,54.25794842194691,0.3454615739607769
Low Income,Less than HS,1.5472800437159204,Poor,17.174556562273946,Car,Severe,None,Low,Negative,Some,Poor,93.06071047023983,0.38362650753343897
Middle Class,Less than HS,,Poor,29.712131426119537,Car,Severe,Major,None,Positive,Some,Fair,99.7457010854036,0.71241160611708
Low Income,Graduate,2.327905110666908,Good,2.877938061947102,Car,Mild,Major,None,Positive,Some,Fair,69.52102462392162,0.782625473670119
Low Income,Some College,2.29948837970403,Poor,11.906602471959324,Bus,Moderate,Minor,High,Positive,Active,Poor,88.88129067653439,0.9646879895855562
Low Income,Less than HS,2.147255388545389,Good,5.11027566261392,Car,Severe,None,None,Negative,Some,Good,77.01050999581224,0.6182119352962481
Wealthy,Less than HS,2.799844137460423,Excellent,4.594268247788049,Bus,Moderate,None,High,Neutral,Active,Excellent,69.57740248731804,0.8161671634090379
Wealthy,Bachelor,2.52001332691518,Good,25.50349869398334,Bus,Moderate,Major,Moderate,,None,Fair,72.41425793405041,0.2910632556728927
Wealthy,Graduate,2.237501436517031,Excellent,23.374085350091043,Bus,,,Moderate,Neutral,Active,Toxic,86.51662582819492,0.13146226070242006
Upper Middle,High School,2.8785132391497323,Fair,11.887804955829296,Bus,Severe,None,Low,Negative,None,Fair,81.82598640941671,0.5224301202613015
Wealthy,Graduate,3.422623510913845,Fair,17.655723744909807,Bus,Mild,Major,Low,Neutral,Active,Excellent,93.61382328798548,0.4843897124375105
Upper Middle,Graduate,3.5928426619766216,Excellent,6.360619368674811,None,Severe,None,High,Positive,Active,Poor,84.41231357152017,0.7152938612448348
Below Poverty,Graduate,3.7795769805666337,Poor,11.44058363682971,None,Moderate,Major,None,Positive,Active,Excellent,63.98238653427617,0.3825837639850177
Below Poverty,Less than HS,3.6829031039437767,Fair,25.40514854330297,Walk,None,Major,None,Neutral,Some,Poor,71.74003946609226,
Low Income,Graduate,2.652704072047995,Good,10.332568077087359,Walk,Moderate,,High,Negative,None,,92.71864736664418,0.45338980653456007
Low Income,Graduate,2.9340482394075895,Good,10.485437438798561,None,Severe,Minor,Low,Negative,None,Toxic,62.24260469514477,0.5240890399515806
Wealthy,Less than HS,2.4669262034804165,Excellent,6.488902138515709,Walk,Severe,Minor,None,Positive,Some,Toxic,89.24548434405193,0.5821602263459841
Middle Class,Graduate,3.8541699447544904,Fair,5.806851030577082,Car,None,Minor,Moderate,Positive,None,Toxic,92.58985171097892,0.5805333497302924
Upper Middle,Bachelor,3.359641901116519,,24.9564127654611,Bus,None,None,Moderate,Negative,Some,Fair,89.08139086543997,0.6768575776534937
Low Income,Less than HS,2.66785586930534,Good,13.697249223472998,Bus,Mild,Major,Low,Negative,Some,Toxic,57.05074267797641,0.09781382047752718
Wealthy,Some College,2.789730049602423,Good,4.678201675694909,Walk,None,None,Moderate,Negative,Some,Poor,75.02644407129338,0.5760865490294941
Low Income,High School,2.8966088439371056,Fair,23.377517235033785,Walk,Moderate,Major,High,Negative,,,97.05885327847656,0.949995103152143
Low Income,Some College,,Fair,7.967027237788743,Bus,Severe,None,Moderate,,Some,Toxic,57.14334023267517,0.7243932019059037
Middle Class,Bachelor,3.2535342749719565,Excellent,11.741291886851796,Car,None,,None,Positive,Active,Poor,97.58223273232764,0.8054882283723023
Wealthy,Bachelor,1.6451476954385436,Poor,2.502216142051691,None,Mild,Major,,Neutral,Some,Toxic,82.25605074568224,0.02270253128511368
Middle Class,High School,3.074373262945711,Fair,13.91930215983321,None,None,None,None,Neutral,Some,Toxic,,0.30937397289763524
Below Poverty,Bachelor,2.2951180275904175,Excellent,20.83109277899103,Walk,None,Minor,High,Neutral,None,,64.183281194549,0.438108575933979
Below Poverty,High School,2.2242471884610167,Fair,8.617482417381698,Car,Moderate,None,Low,Neutral,None,Poor,66.0947400064199,0.9928706138326386
Middle Class,High School,3.081216974446071,Good,18.06878854996909,,,Minor,None,Neutral,Active,Excellent,53.968369410098425,0.32337437986608386
Middle Class,Less than HS,3.8537732920017884,Excellent,,Car,Severe,Minor,Low,Negative,Some,Excellent,81.55792851074396,0.9337390850209722
Wealthy,Graduate,2.7206666777300033,Fair,23.29258298042898,Walk,Mild,None,,Neutral,,Toxic,60.11382818497269,0.2364111556744417
,Graduate,3.6381238100091267,,21.38470332153218,Bus,None,,Moderate,Positive,Some,Fair,74.43328453660897,0.5506650082703053
Below Poverty,Bachelor,3.946376683221803,Poor,16.403746020830283,Walk,Moderate,None,High,Negative,Some,Toxic,79.13203005002258,0.17817543766775135
Below Poverty,Some College,2.607672517534584,Poor,2.676304818432376,Walk,Mild,None,None,Negative,None,Poor,65.84998759752706,0.14941004172502925
Middle Class,Less than HS,2.346469740802145,Excellent,10.81206359683597,Walk,None,Major,Moderate,Positive,None,Excellent,55.900561899765776,0.03302091428496401
Wealthy,Some College,3.8161765290713445,Poor,15.70307637936717,Bus,None,Major,Low,Neutral,None,,,0.430029674450795
Below Poverty,Less than HS,3.5423888514843593,Excellent,6.029136585602123,None,Mild,None,High,Positive,None,,80.43635412605451,0.3754053565250127
Upper Middle,Some College,2.3575714610342073,Poor,17.7646290065884,None,None,Major,Moderate,Negative,Active,Excellent,52.522866016686535,0.39808129076273713
Upper Middle,Bachelor,3.4748337384768138,Excellent,15.71237281156981,,Moderate,Major,None,Neutral,Some,Fair,51.4148270582399,0.08507494212637146
Wealthy,Some College,1.5308707156178594,Good,26.283414954562407,Walk,Mild,,High,Neutral,Active,Poor,84.77358047663249,0.1178623158100639
Below Poverty,Graduate,1.6399774064034995,Poor,11.899961224412484,None,Severe,Major,Moderate,Neutral,Active,Fair,87.51876699304134,0.7881126635312747
Below Poverty,Bachelor,1.7328224027404335,Excellent,22.347928166839544,None,Moderate,Minor,None,Positive,Some,Good,91.09930789848165,0.2818132908239307
,Graduate,3.484914506400453,Fair,9.85833641967362,,None,None,,Positive,Some,Fair,59.31186409212788,0.20565559318679272
Upper Middle,Less than HS,3.4999780172013244,Excellent,16.28769506115589,,Mild,Major,None,Negative,None,Poor,70.94453116826473,0.010400215601001128
Below Poverty,High School,2.588314155732938,Good,18.344569178803777,Car,None,Minor,None,Positive,Some,Toxic,65.25811001265372,0.8933668359470436
Upper Middle,Less than HS,3.825779821270416,Excellent,,None,None,Minor,,Positive,Some,Toxic,71.6628069194435,0.20870250285160297
Below Poverty,Bachelor,2.2398107373841314,Poor,26.714600541928487,Car,Mild,Major,Moderate,Negative,None,Toxic,53.494254978963625,0.5870871765096055
Below Poverty,Graduate,2.061412541971327,,19.08521403270956,None,Moderate,None,High,Neutral,Active,Toxic,78.5404658548037,0.3854428947612757
Below Poverty,Some College,2.1844562246716808,Poor,25.46827568288961,Car,Moderate,Minor,None,Negative,Some,Excellent,66.69846506525629,
Below Poverty,Graduate,2.345194733474568,Fair,7.67138781889356,None,Moderate,None,Moderate,Negative,Some,Fair,84.00556296713765,0.40124725944930417
Upper Middle,Graduate,3.1032419374783142,Fair,10.264536290989495,Car,Moderate,Major,Low,Positive,None,Toxic,60.214810929468,0.5642991283265435
Wealthy,Less than HS,2.6052662277010024,Excellent,26.563168004827336,Walk,Moderate,Minor,Moderate,Negative,Some,Toxic,78.39947295280498,0.9156030958074267
Wealthy,Some College,2.7631483211945516,Excellent,20.712223489239623,Bus,Mild,Minor,Low,Positive,None,Toxic,76.89429154009491,0.4508541661902923
Middle Class,Less than HS,2.001080441072041,Excellent,6.314871603887822,Walk,None,None,None,Neutral,None,Excellent,79.73683233036638,0.2681690108724093
Low Income,Some College,3.938799428782172,Fair,27.923320210636977,None,Mild,None,High,Positive,None,Excellent,65.85144636508923,0.7700353335985106
Upper Middle,,3.7530531281884514,Good,5.545726254247802,None,Mild,None,Moderate,Neutral,None,Excellent,93.90051109409859,
Middle Class,Graduate,3.7820007705065475,Poor,11.522436449529689,Walk,Moderate,Major,None,Negative,Some,Good,61.95484666475729,0.8447847703414194
Low Income,Less than HS,2.906569544291016,Poor,3.432243115397888,Bus,None,,Moderate,Negative,None,Toxic,56.58503536186363,0.9307910472420854
,Less than HS,3.536668222589944,,19.30098814158574,Car,None,Minor,None,Positive,Some,Good,66.94747311047001,0.6515509908223512
Wealthy,Graduate,1.5409529348414002,Fair,9.890540945675259,Car,Moderate,None,Moderate,Neutral,None,Toxic,98.83601353398163,0.03323237135017043
Wealthy,Bachelor,2.9276656309928177,Poor,24.876205102949633,Car,Mild,None,Moderate,Positive,Active,Good,78.43588316824052,0.20085861791224502
Middle Class,High School,2.6715244705070047,Poor,29.9728642284344,Car,Mild,,Moderate,Neutral,Some,Fair,70.09154613703643,0.2323007485804256
Below Poverty,Graduate,3.3612087387982332,Excellent,6.026312340071835,Walk,None,None,High,Negative,,Toxic,80.54096742991347,0.2270146518539793
Upper Middle,Graduate,3.625043164043621,Good,0.949544370440716,Bus,Moderate,Major,Low,Neutral,None,Excellent,57.3876419019463,0.28239602131623787
Upper Middle,Graduate,3.4869360136326493,Fair,2.162775297940634,Walk,Mild,Minor,High,Negative,None,Excellent,73.40866824539759,0.1425034653888081
Below Poverty,Graduate,1.757678409778865,Fair,0.6397413912353261,None,None,Minor,Low,Positive,Active,Poor,89.9376015290241,0.5137313059403532
Wealthy,Graduate,2.839918212386576,Fair,1.4595736428599477,Walk,Severe,None,Moderate,Neutral,Some,Fair,59.18569713031876,0.7022359607405493
Low Income,High School,1.7572626995395009,Good,11.766623901666419,Walk,Severe,None,None,Neutral,Some,Good,,0.3375937864865346
Below Poverty,High School,,Good,26.056245678236518,Walk,Mild,Major,Moderate,Negative,Active,Excellent,57.47186858003305,0.5318873471158351
Low Income,Less than HS,2.567146589399462,Excellent,28.775434694941506,Walk,Severe,Minor,Low,Negative,None,Toxic,87.2435111963045,0.06393372570670286
Below Poverty,Graduate,2.435273521188449,Good,28.780965953071295,None,Mild,Minor,Moderate,Negative,Some,Excellent,52.73273375825687,0.6132391658511052
Wealthy,Graduate,2.993597050889338,Excellent,19.477502654014827,Car,None,Minor,,Positive,,Fair,70.06309337451738,0.6962507951012264
,Graduate,2.4054873985649268,Fair,24.063651218769508,Car,Mild,Minor,Low,Negative,Some,Excellent,86.63075168340148,0.5508033509465617
Below Poverty,High School,1.5992705943406733,Good,27.625124015013473,Car,None,None,None,Negative,None,Toxic,68.56139638333106,0.90425000272805
Middle Class,High School,3.804490565661554,Poor,26.645889135923145,Walk,Mild,Major,High,Neutral,None,Fair,,0.8855240832703362
Wealthy,Graduate,,Excellent,25.63759241978891,Walk,None,None,Moderate,Positive,Active,Good,73.92066793320161,0.49187613296033184
Below Poverty,Less than HS,2.2588639382758706,Excellent,14.170715633013092,Walk,Moderate,None,Moderate,Neutral,None,Fair,74.91958789110821,0.3967658122721305
Wealthy,Some College,3.420564778607225,Poor,0.8265443376614436,Car,Mild,None,Moderate,Positive,None,Fair,52.08524864821369,0.18579228012070081
Low Income,Bachelor,2.6784145087930744,Excellent,3.540809093906509,Car,None,Minor,High,Negative,Some,Toxic,56.86199066916997,0.5682379948321596
Upper Middle,High School,3.006627430950638,Fair,28.049589653355838,Walk,None,Major,High,Neutral,Active,Good,77.26400328678042,0.09959825668059319
Low Income,Less than HS,2.4868933930510706,Excellent,1.9556877446911056,None,,Major,Moderate,Neutral,None,Good,75.27315734306427,0.6780113240305798
Upper Middle,Less than HS,2.106670849354579,Excellent,12.239691322220285,Walk,Mild,Major,High,Neutral,Some,Excellent,71.57629006137792,0.05626001822721616
Wealthy,Bachelor,2.4541242609640914,Poor,27.460871906966226,Car,Mild,Minor,Low,Neutral,Active,Poor,70.33154306052609,0.7901081611845016
Wealthy,Less than HS,2.5904754948920625,Poor,1.6279730800563004,None,Severe,None,Moderate,Positive,None,,52.55465059424979,0.6772292612170834
Low Income,Some College,1.5509855987072896,Fair,28.202430490734958,Bus,Severe,Minor,None,Negative,None,Good,53.616285706771464,0.227147802089543
Wealthy,Bachelor,1.7470888668957243,Good,13.815194613911252,Walk,Severe,None,Low,Negative,None,Poor,93.54045186053474,0.9452608634253963
Wealthy,High School,,Fair,1.982473707989218,Bus,Moderate,Major,High,Neutral,Active,Fair,70.53407786593462,0.1192786666968556
Low Income,High School,2.357204541973311,Good,,Car,None,Major,Moderate,Neutral,Some,Excellent,69.26063782819537,0.919479456579642
Below Poverty,Less than HS,1.6857106856770696,Excellent,17.684986373615754,Bus,Severe,None,Moderate,Positive,None,Good,,0.7902494148909324
Middle Class,High School,2.9928123455829825,Excellent,9.232142307738005,Bus,Severe,Minor,None,Positive,Some,Poor,56.12320002955043,0.00630096979449446
Low Income,Some College,1.714148224315489,Excellent,13.294674720202618,Bus,Mild,,High,Neutral,Some,,61.7942806373937,
Middle Class,High School,2.093626233013391,Fair,29.78757660927096,Car,Moderate,None,Moderate,Positive,Active,Excellent,85.215548922652,0.9627336822009148
Low Income,Bachelor,2.559131724079635,Good,7.757476127646575,None,Mild,Minor,,Negative,Some,,96.25560493868502,
Middle Class,Less than HS,3.779241914275211,,14.429239929987041,None,Severe,None,,Positive,None,Poor,,0.34611950503296895
Low Income,High School,1.917991438351156,Fair,20.503297254135,Walk,None,Major,Moderate,Negative,,Toxic,79.91219094315407,0.16034331439639227
Below Poverty,Graduate,1.875394236840131,Good,29.419227525065683,Bus,Mild,Minor,Moderate,Negative,Some,Poor,73.77505529922205,0.62748233764845
Below Poverty,Bachelor,2.049794698137334,Excellent,2.6762135599805887,Car,None,Major,Moderate,Neutral,Active,Toxic,57.80406825289342,0.5581876477924669
Middle Class,Graduate,1.9203393732623142,Poor,4.183411875028408,Walk,Mild,None,Moderate,Positive,Active,Excellent,67.20903745690634,0.7568333124487358
Below Poverty,Graduate,2.683227454334675,Good,27.272844234080626,Car,Mild,None,Low,Negative,None,Poor,96.2469132547576,
,Graduate,1.724934755632182,Fair,22.54858385592266,None,Moderate,None,Moderate,Neutral,Active,Good,69.92013377943287,0.3267645737755258
Upper Middle,High School,2.962691991897216,,4.235674114083644,Walk,Moderate,None,Moderate,Neutral,Some,,63.621247349326715,0.7640064689027392
Middle Class,Less than HS,3.4187987424540345,Excellent,25.877488339701912,Bus,None,None,High,Positive,None,Excellent,57.52586362988766,0.5213960674317588
Middle Class,Bachelor,3.7271509768104214,Good,14.579608923127859,None,None,None,High,Positive,None,Toxic,73.87059119017282,0.1923605440981334
Low Income,Some College,1.7206506684409888,Poor,21.476520191544793,,None,Major,High,Neutral,Some,Good,94.5451246671695,0.0980934471523135
Upper Middle,Less than HS,1.9972417431657994,Fair,5.133817186629296,None,None,Major,High,Negative,Active,Fair,91.70393887931652,0.043003789404098214
Below Poverty,High School,3.4581513685737435,Excellent,27.55931001738329,None,Mild,Major,High,Neutral,Active,Toxic,64.49333778525231,0.18237238271130107
Low Income,Graduate,3.770363366485776,Fair,25.72136164564421,Car,Severe,None,High,Neutral,Some,Toxic,77.56640608107548,0.8035880208215516
Middle Class,High School,2.2910377979575016,Poor,29.474629734313144,Bus,,None,High,Negative,None,Good,71.20142083256147,0.08717251464334796
Wealthy,High School,3.0159884596442117,Good,21.96150436736015,Bus,Severe,None,Moderate,,None,Excellent,59.67101447202382,0.06860976879563463
Wealthy,Some College,3.2168692235290983,,26.9266536879139,Bus,None,None,Moderate,,None,,97.50279236964036,0.37132376318202165
Low Income,Bachelor,2.8189782502311562,Fair,2.621341143328003,None,None,None,High,Positive,Active,Fair,78.15237478209363,0.4602019778803881
Upper Middle,High School,2.7481904816390856,Good,13.608302216991433,Bus,Mild,Major,None,Positive,None,Good,69.42466644365247,0.7652662470019657
Middle Class,High School,2.5768264066761364,Good,7.045207820648453,Bus,Moderate,None,High,Negative,None,Fair,57.97988045841049,0.5784418807360169
Wealthy,Less than HS,1.6424906525269596,Excellent,7.206292405872896,Car,None,,Moderate,Neutral,Active,Fair,99.76045561594168,0.3392388779702711
Low Income,Some College,3.6629473146872886,Good,2.5713647267255344,Bus,None,None,Moderate,Positive,Active,Good,64.28354317218854,0.34354318745187484
Upper Middle,Bachelor,2.968152811442125,Good,2.3782298064449576,Car,Mild,Major,Low,Positive,Some,Fair,85.88827068027723,0.3698573180689553
Wealthy,High School,1.9274151767366403,Excellent,1.681569364377588,Bus,Severe,None,None,Positive,Some,Toxic,97.95162821245525,0.2352471137425648
Below Poverty,Some College,3.4335949699513852,,2.343878029062589,,Moderate,None,,Positive,None,Fair,61.578962775241024,0.22627607482534773
Wealthy,Bachelor,2.37414420836442,Excellent,,None,Severe,Minor,Low,Positive,Some,Fair,61.14727378865839,0.8546697680046674
Below Poverty,Bachelor,3.5225308410548966,Fair,17.696448126386425,Car,Severe,None,Moderate,Negative,Some,,92.74731666394193,0.9641905673060441
Upper Middle,High School,3.203920838848779,Excellent,19.165490884234664,Walk,Severe,None,None,Negative,Some,Excellent,87.76838555950496,0.09417213130103053
Wealthy,Graduate,2.1922517951812113,Excellent,26.05008683699845,Car,Severe,Minor,High,Positive,None,,75.38240342176316,0.6893188763465304
Upper Middle,,2.948546108891913,Excellent,27.05241628748291,Bus,Mild,Major,High,Negative,Some,Excellent,93.04233710797635,0.004508708613562007
Middle Class,High School,3.216637873001561,Good,24.235575241994127,Bus,None,None,None,Positive,Active,Fair,80.78297174432015,0.24582002279712345
Upper Middle,Bachelor,2.5989014116450955,Poor,4.909126575379566,Car,Severe,Minor,Low,Positive,Active,Excellent,65.1643310284126,0.5809888837700369
Below Poverty,Graduate,2.0503532448775523,Poor,9.435016246271624,Car,Mild,None,Moderate,Neutral,Active,Good,74.7910873341875,0.3114582559179008
Below Poverty,Graduate,2.361819798682737,Excellent,2.035741445705393,None,Mild,Minor,Low,Neutral,Active,Poor,72.65436294060744,0.2419109795649671
Below Poverty,High School,2.417038212673234,Fair,21.92573481437827,None,None,Minor,High,Negative,None,Good,66.15370597973065,0.14778952086460184
Middle Class,Graduate,2.220609209813384,Poor,25.77877341945112,Bus,Severe,Major,High,,None,Good,88.65109765808364,0.8952015648294763
Middle Class,Bachelor,3.996356215260515,Poor,2.6837257749323413,None,Moderate,Major,None,Neutral,,Good,76.97173806351628,0.17664900966911046
Upper Middle,Graduate,2.0366326639322425,Poor,14.656363238646856,None,Severe,Major,Low,Negative,Some,Poor,68.4517922767855,0.1536401860043507
Low Income,High School,3.3287351266581515,Good,15.146043667223593,,None,Minor,Moderate,Neutral,Active,Toxic,92.1205175656828,0.22283497178679557
Below Poverty,Less than HS,3.5300110776230382,Fair,27.75332866543611,None,Severe,Minor,Low,Neutral,Some,Toxic,77.36756232084699,0.8959026306892351
Below Poverty,Some College,,Poor,,Walk,None,None,Low,Neutral,Active,Good,56.61481578635639,0.037564680509122206
Upper Middle,Some College,2.364316374124453,Poor,21.920679626994357,Walk,Mild,Major,None,Negative,Active,Toxic,89.65254753457862,0.12242935770403474
Wealthy,Bachelor,1.6089099641228746,Poor,5.7688325789822725,None,None,,Moderate,Neutral,Some,Fair,84.4694151768975,0.7978923979845638
Below Poverty,Graduate,3.901728350995758,Fair,18.068566825021215,Walk,None,None,None,Neutral,Active,Poor,99.1774670070341,0.7905362806813442
Wealthy,Some College,3.620337265314892,Poor,3.5907679086603768,Car,Moderate,None,None,Positive,None,Excellent,85.68840986423177,0.23524529320494914
Middle Class,Bachelor,2.338522185724995,Good,28.21985729369877,Walk,Moderate,Minor,Low,Negative,Active,,75.82144219156106,0.22257866024178297
Low Income,Some College,2.1794684209993553,Good,28.98656243260991,Car,Severe,Major,None,Neutral,Active,Excellent,94.92005413045815,0.8030717577722264
Wealthy,High School,3.0547462778802474,Good,18.696886467181155,Car,Moderate,,None,Positive,None,Toxic,67.09802484652793,0.31807312823334
Low Income,High School,3.22501112802491,Poor,7.060783918667129,Bus,None,Major,None,Positive,Active,Toxic,89.07987182993224,
Low Income,Some College,1.8258223399498625,Poor,23.02008724961448,Bus,None,None,Low,Neutral,Some,Excellent,52.790847798801856,0.6835575216985246
Below Poverty,Bachelor,1.6324329597136065,Excellent,10.785846397901214,Walk,None,Major,High,Neutral,Active,Fair,58.52754471421834,0.7694525350130863
Middle Class,High School,2.093221545908789,Poor,19.97062816248844,Car,Severe,Minor,None,Neutral,None,Fair,78.62442913185724,
Upper Middle,Some College,1.8010107351517786,Fair,11.871315824542894,Bus,Moderate,None,None,Neutral,Some,Fair,83.25913569025936,0.4935558777081426
Middle Class,Less than HS,2.644818144362739,Excellent,22.574193172869563,Car,Moderate,Minor,Moderate,Positive,Some,Good,74.55127685785595,0.7714093432350769
Middle Class,Less than HS,2.796035692117733,Good,,Bus,Moderate,None,None,Negative,None,Excellent,84.70867361527536,0.5446887863490891
Middle Class,Bachelor,3.0172552046767347,Fair,26.657064032058887,Bus,Moderate,None,None,Neutral,Active,Fair,,0.6686697150831197
Upper Middle,Less than HS,3.7917630206117003,Fair,25.253799150042628,Car,None,Major,None,Positive,Active,Excellent,81.9516012147503,0.8455603077811961
Middle Class,Graduate,2.3186629433423755,Good,15.1840536147543,Car,Mild,Major,Moderate,Negative,,Poor,88.92840658719692,0.905002614518061
Middle Class,Less than HS,2.3555110254248564,Good,22.770755730730787,Bus,None,None,Low,Negative,None,Fair,60.408549389336414,0.9665609691737739
Middle Class,Graduate,1.6482750761348632,Good,29.294439579372792,None,Severe,None,None,,None,Poor,75.25015227409625,0.4320449759565608
Middle Class,High School,2.5332883772063384,Good,15.853770269479316,None,None,Minor,Moderate,Negative,,Good,94.9063911227104,0.11171015795091876
Wealthy,Less than HS,,Good,19.68965834373717,Walk,Moderate,Minor,Low,Positive,Active,Excellent,92.35615831313184,0.45571157608475876
,Some College,,Fair,17.665801763639458,Car,Severe,None,None,Neutral,Some,Good,57.6459583999522,0.8085655252137699
Below Poverty,Some College,3.70253416634341,,29.447081070391974,Bus,None,Minor,Low,Positive,Active,,94.74478220071742,0.7100534064532066
Upper Middle,Some College,3.363792350671676,Poor,7.808804907429057,None,,Major,Low,Negative,Active,Excellent,78.67512248362931,0.2273971341725355
Wealthy,Some College,2.2081103488667653,,17.682472485051807,Bus,Severe,,None,Neutral,None,Good,77.06901962961348,0.057731347349936235
Below Poverty,High School,1.8086582717598438,Poor,14.90618026304226,Car,Severe,,Moderate,Positive,Some,Toxic,80.89336855123618,0.3258603426928669
Middle Class,Bachelor,2.9440952785302086,Fair,21.716295019623722,Walk,Moderate,,None,Neutral,Some,Excellent,85.33775599791102,0.17833130764410055
Wealthy,Graduate,3.8354958580807472,Good,22.724242847576495,Walk,Moderate,None,High,Neutral,Some,Fair,58.308777834994885,0.7689810891428674
Below Poverty,Bachelor,1.8594049392879666,Good,6.574113055751697,None,Moderate,Major,Low,Neutral,Active,Poor,63.86688347714917,0.3116431018317273
Wealthy,Graduate,3.718893375913053,Fair,11.906588083833595,Walk,Moderate,Minor,Low,Negative,,Excellent,60.876104259005515,0.6840317540872848
Low Income,Graduate,3.1550604028811593,Poor,11.742643706506477,None,Severe,None,None,Positive,None,Excellent,64.962690899331,0.41414090715722074
Wealthy,High School,2.397999272816647,Poor,1.3567607364234737,None,Severe,None,Low,Negative,None,Toxic,88.62749187222408,0.8511564234153882
Wealthy,Less than HS,,Fair,1.8866837237347496,Car,Mild,Minor,Low,Neutral,Some,Excellent,83.87994434195602,
Wealthy,Less than HS,1.7562973068773233,Good,8.0088486544094,Car,Mild,Major,High,Positive,Some,Poor,97.14869363064398,0.07660314384649225
Below Poverty,,2.0259088131593117,Excellent,13.68881633383018,Bus,None,Minor,None,Positive,None,Excellent,96.73499991118928,0.627503919674595
Middle Class,Graduate,2.7640305004478267,Fair,17.77395423819894,Bus,Severe,Minor,Low,Positive,Active,Toxic,97.21435899629523,0.26988469455039965
Low Income,Bachelor,3.3114339812546167,Excellent,2.076064871038552,None,Mild,None,None,Positive,Active,Good,93.4524413772762,0.32251134230274936
Low Income,Some College,3.3614627263555894,,6.654076514036451,Bus,Severe,Major,None,Negative,Some,Excellent,62.53533987983397,0.609988526718049
Upper Middle,High School,2.0736032562244704,Poor,,Bus,Mild,Major,High,Neutral,Active,Toxic,58.07134767462212,0.22913957439400934
Upper Middle,Less than HS,3.0018811861860115,Excellent,11.458097584442774,Walk,Mild,None,High,Neutral,None,Fair,61.214195923156666,0.12061572069979565
Middle Class,High School,,Excellent,9.116764984387764,Bus,Mild,Minor,None,Neutral,Active,Good,75.7077957178474,0.1771797915216411
Wealthy,Bachelor,1.998963188585408,Poor,22.13188327931307,Car,None,Major,Moderate,Neutral,Active,Good,97.93130505738284,0.15822212130983027
Middle Class,Less than HS,2.841069917359614,Poor,13.269794230238727,None,None,Minor,High,Neutral,Active,Fair,87.12532056722935,0.23972240550985824
Low Income,Graduate,2.147042106037249,Good,20.69890779567115,None,None,None,High,Neutral,Some,Toxic,98.45675871051223,0.7046040551086585
Middle Class,Graduate,3.0570992978459683,Excellent,23.760232622820336,Bus,None,Major,None,Neutral,Active,Poor,76.15801189532779,0.054344662183323456
Below Poverty,High School,2.2084732849771793,Good,12.427822115117605,Bus,Mild,Minor,Low,Neutral,None,Fair,87.38012462240744,0.06842169835924705
Upper Middle,High School,3.1977887357464105,Excellent,5.038602689469514,Walk,Moderate,Major,None,Neutral,Some,Fair,,0.49217523193856516
Upper Middle,Graduate,3.7629278045135277,,14.907854675401214,Walk,Moderate,Major,High,Positive,Some,Excellent,63.82061863818025,0.06413097970986714
Low Income,Some College,,Poor,3.203505971865863,Car,Mild,Minor,High,Neutral,None,Excellent,60.82389550153737,0.40402405440801925
Low Income,High School,2.1935124591524398,Poor,11.964030545596856,,Severe,Major,High,Neutral,None,Poor,56.24326118669743,0.5785212573798622
Middle Class,High School,2.6670654712466426,Excellent,20.20952745970237,Bus,None,Major,Moderate,Neutral,,Toxic,52.02821971689775,0.6550957260661792
Middle Class,High School,3.0775791968494177,Excellent,17.729228579126616,None,Mild,Minor,None,Negative,Some,Toxic,74.28079978233089,0.40424601363157286
Upper Middle,Less than HS,2.4292604129607334,Poor,16.906073865391512,None,Mild,Minor,Moderate,Negative,Active,Good,70.12635031211906,0.738466720470249
Middle Class,High School,2.4938273611525474,Poor,,Car,Severe,,Moderate,Neutral,Active,Toxic,93.74720000188434,0.8759118420379858
,High School,3.590575957294542,Fair,27.819172281121567,,None,Major,,Neutral,Some,Good,50.71108085612423,0.284043699268159
,Less than HS,3.3259364103899465,Good,14.88386305140555,None,Mild,None,,Negative,Some,Good,55.77843709616541,0.040929221030577834
,Some College,3.7836858818280374,Fair,10.427367975024213,Walk,,None,Moderate,Neutral,None,Fair,62.35750345700431,0.24842468270210505
Middle Class,High School,1.5647565203197167,Good,4.078146569813731,None,Mild,None,Low,Negative,None,Toxic,80.37047574424211,0.47091870825216453
Wealthy,Less than HS,2.634366089936017,Poor,28.398729549118364,Car,Mild,Major,None,Negative,Some,Excellent,86.60628662338095,0.13565375459286666
Upper Middle,Graduate,3.3768249999787434,Poor,28.119573958752266,Walk,Moderate,Minor,High,Positive,Active,Poor,78.87121941932034,0.578037072260641
Middle Class,Some College,1.949715579080395,Fair,16.268418556778194,Walk,None,None,None,Negative,None,Toxic,51.3087648477322,0.6234174532958559
Low Income,Some College,1.9109797088109224,Poor,18.53352320230415,Walk,Severe,Major,None,Positive,Some,Toxic,85.98806110690994,0.7347019546376604
Below Poverty,,3.281697411180083,Fair,3.4986035474473614,Car,Moderate,Major,High,Negative,Active,Good,82.81729183785114,0.07311406587177638
Wealthy,Less than HS,3.122163341987016,Good,13.067517058000828,Car,Mild,Minor,Low,Negative,Active,Toxic,61.559879300518325,0.7724269656876568
Wealthy,Graduate,2.941176539808946,Good,6.167413696494263,Bus,Mild,Minor,None,Positive,Some,Toxic,58.18600902265957,0.4376078675538322
Low Income,Bachelor,3.94287734695816,Fair,14.644199891413807,Car,Severe,Minor,None,Negative,Active,Toxic,67.27889425925471,0.8687296633276693
Below Poverty,Less than HS,2.732323618153404,Good,9.911917263297035,None,Mild,Minor,Moderate,Positive,Active,Good,50.97912147534312,0.5323419860242025
Middle Class,High School,1.5414150439692258,Excellent,21.5258761525129,Bus,Moderate,Major,None,Negative,Active,Fair,59.48606747196965,0.48162862817999363
Low Income,Bachelor,3.6837281393868255,Good,29.6493008147177,Bus,None,None,Moderate,Neutral,Some,Poor,61.731684054559345,0.7189100303192969
Upper Middle,Some College,2.816037302062574,Excellent,16.659108670232783,Bus,Severe,Major,None,Positive,Some,Toxic,72.68446679867962,0.29769809052694296
Middle Class,Bachelor,2.5568601744340755,,6.595270469559257,Walk,Moderate,Major,,Positive,None,Toxic,61.34847559351258,0.11384358620322466
Low Income,Bachelor,,Fair,12.837131830582774,Bus,Mild,Major,Low,Neutral,Active,Toxic,98.8469545822949,0.8727422018347447
Middle Class,,3.5133299099596287,Good,14.515506588777027,Car,None,Major,High,Neutral,None,Excellent,86.70257273652945,0.2990426469962716
Upper Middle,Less than HS,2.7346851444313387,Excellent,19.494676157946454,Bus,,Major,Low,Neutral,Active,Toxic,50.520031686961296,0.5282840984094704
Low Income,Some College,3.609942545631966,Fair,17.032907874381824,Walk,Mild,Major,Low,Neutral,,Poor,63.64777554010854,
Upper Middle,Graduate,3.936224838108653,Poor,26.960015182334402,None,Moderate,None,Moderate,Positive,Active,Excellent,96.37036643398186,0.3976762989741215
Middle Class,Bachelor,2.9704175712900245,Excellent,,Car,Moderate,Major,Moderate,Negative,None,Excellent,51.641822370443464,0.682613210836662
Middle Class,Some College,1.901600963924037,Fair,13.328954703293064,Walk,Mild,Minor,None,,None,Toxic,82.37968130320365,0.29331049695791345
Wealthy,High School,3.0394638120828814,Excellent,6.550842474376534,Bus,Severe,Minor,None,,None,Excellent,82.32453900543658,0.3954023146281114
Upper Middle,Graduate,1.5637083248374646,Excellent,18.73685509193338,Bus,Mild,Minor,None,Negative,None,Poor,87.44615456080885,0.7001774232590173
Low Income,Some College,2.446758588304995,Excellent,20.595711066794564,Bus,Severe,Major,Moderate,Neutral,Active,Fair,,0.3734628734291886
Middle Class,Less than HS,1.8616219086366257,Poor,7.637228487936958,Bus,None,None,Low,Positive,Some,Fair,89.89314429239508,0.5521234462841695
Low Income,High School,2.989276683535752,,28.581013354204018,Walk,None,Minor,Moderate,Negative,None,Toxic,89.82643798091021,
Wealthy,Bachelor,1.7674446635262215,Fair,24.62514318660775,Car,None,None,Moderate,Negative,None,Good,50.693698015957,0.5427855807185024
Upper Middle,High School,1.9687191605557244,,18.881931414326537,Walk,Mild,Major,None,Neutral,None,Poor,87.67294494074308,0.1725637113278582
Below Poverty,Less than HS,2.898906271883219,Poor,28.044212171519288,None,Moderate,Minor,Moderate,Negative,Active,Fair,82.78951663267154,0.8316877081206049
Low Income,High School,,Fair,5.170794470785025,None,Moderate,Minor,Low,Negative,None,Good,90.04837814170273,0.34193254847924714
Middle Class,Less than HS,1.570121075356715,Poor,24.784346494507904,Bus,Severe,Minor,,Positive,Active,Poor,77.1207703106388,0.8404614272222086
Wealthy,Graduate,3.1530893453409434,Poor,1.5291152415034288,Walk,Mild,Minor,High,Neutral,None,Fair,70.48989039122884,0.7012267499579565
Upper Middle,Graduate,3.704226686798507,Poor,15.386199415483604,Bus,Moderate,None,High,Negative,Active,Poor,57.93011207122228,0.10230008194179618
Middle Class,Graduate,2.177608441449386,Good,10.104370972708786,Walk,Mild,None,Low,Negative,Some,Toxic,85.77257321421746,0.4418363109765714
Upper Middle,Less than HS,1.7825061585238284,Excellent,20.299850498733228,Walk,Mild,Minor,Low,Neutral,Active,Toxic,95.85450810809101,0.827971974207128
,Graduate,2.4061304423629326,Good,19.10577987952381,None,None,Minor,High,Negative,Some,Excellent,55.13657011126457,0.4198562695590604
Middle Class,,3.692131666754063,Poor,,None,Moderate,Minor,High,Neutral,None,Toxic,69.01734943416669,0.3037924756142397
Upper Middle,Less than HS,3.3984499843820446,Fair,18.14845144709475,Car,Moderate,Major,,Negative,None,Excellent,97.030481596937,0.175363744612552
Middle Class,Some College,3.1622866148507307,Poor,10.709172685431412,Walk,None,Minor,None,Negative,,Toxic,83.97895387040757,0.8254767337037789
Upper Middle,Less than HS,2.2360203681881496,Excellent,14.389675394427138,Bus,Moderate,Minor,High,Positive,Some,Excellent,81.88160638825681,0.9722920334961834
Wealthy,Graduate,3.167375466860892,Fair,18.57374142734234,Bus,Mild,Minor,Low,Neutral,None,Excellent,95.0086265001022,0.2507436637567254
Middle Class,High School,1.5225870605238367,Poor,6.805994388743614,Car,Moderate,None,Moderate,Neutral,None,Poor,77.17574994675718,0.8214640054785575
Wealthy,Some College,2.2353290532818786,Good,25.448801447909496,None,Mild,None,None,Positive,Active,Fair,74.13340894633406,
Low Income,High School,3.428463680785634,Good,9.495118856738953,Car,None,Major,High,Neutral,Active,Good,99.68457618595849,0.8294828498277274
Upper Middle,Less than HS,,Fair,2.5294984918467494,Car,Mild,None,Low,Negative,Active,Poor,78.61494592968597,0.25617553029327034
,Graduate,1.637657074266113,Fair,14.838139489458548,Bus,Mild,None,Moderate,Neutral,Some,Excellent,95.37064048495006,0.9450004208401989
Below Poverty,Bachelor,2.476523217949287,Fair,5.565014938025506,None,Mild,Minor,High,Negative,Active,Excellent,88.34787215574305,0.8713125146508487
Wealthy,Some College,1.5527628377056977,Good,14.348975008619774,Bus,Severe,Minor,High,,Some,Excellent,77.71356099830015,0.5552323213931797
Upper Middle,High School,2.1731121420930015,,26.015188587019555,None,Mild,Minor,High,Positive,None,Excellent,76.31829867138507,0.23971422062568726
Upper Middle,Bachelor,3.679460052467392,Good,27.467684498861626,None,None,None,High,Positive,None,Poor,80.93161480993116,0.6821758218292115
,High School,3.9895635829629676,Good,11.911446965447848,Walk,None,Major,Low,Negative,Active,Toxic,88.55973707211888,0.9049204317308549
Upper Middle,Bachelor,3.65944990703985,Fair,20.71154543015019,Bus,None,None,Low,Negative,None,Good,74.04231245173492,0.5091037748298606
Below Poverty,Some College,3.625378918644833,Poor,6.516233026963125,None,None,Major,Low,Negative,Active,Poor,86.13476502791798,0.6894094817949592
Wealthy,Bachelor,3.5427605602161707,Good,6.002398947358903,Bus,Severe,Minor,Moderate,Positive,None,Toxic,89.14837693843779,0.29480477149659534
Below Poverty,Bachelor,2.4704927631569573,Good,28.880655143723263,None,Severe,Minor,Low,Neutral,Some,Excellent,82.97835073435589,0.8601570488726945
Low Income,Some College,2.7697817940589626,Good,23.415890697571342,Bus,Severe,None,Low,Neutral,Some,Fair,52.09764252137047,0.7389118047790045
Below Poverty,Less than HS,3.981568943184427,Excellent,4.856151777374878,Walk,Severe,Major,Low,Positive,Active,Good,90.71026196873333,0.8123001187745913
Wealthy,Some College,,Excellent,28.11661426930705,Walk,Severe,Minor,None,Neutral,None,Toxic,65.97622432217965,0.6335844003072354
Below Poverty,High School,2.0938507210361763,Excellent,26.40464618262687,None,Moderate,Minor,None,Negative,None,Toxic,60.16091943492624,0.5366901295333548
,Some College,3.6756706930759133,Excellent,3.2832966522256912,Car,Severe,Major,High,Neutral,Active,Excellent,81.18777865536751,0.22339758381460428
Upper Middle,,2.468784379372094,Fair,17.189771820845053,None,Severe,None,Low,,Active,Fair,83.26957346926444,0.15828486436387745
Middle Class,Graduate,2.556424320933523,Excellent,22.950204178829765,None,None,Major,Moderate,Negative,,Good,69.08014032929103,0.4655117927563267
Below Poverty,High School,3.8874445671955233,Fair,3.251143078863088,Walk,Mild,,Moderate,Negative,Some,Toxic,81.5404246074462,0.4090872000033414
Middle Class,High School,2.6900844988946946,,3.949652960619423,Walk,Moderate,Minor,High,Negative,,Good,75.68076670913867,0.7405447856507885
Middle Class,Less than HS,3.6689005214122985,Fair,9.234806923351606,Car,Moderate,Major,Moderate,Neutral,,Excellent,83.5968154044956,0.17740187085826864
Below Poverty,Graduate,3.678465264544517,Excellent,3.00612468995299,Car,Mild,Minor,High,Neutral,Active,Excellent,75.5077882801916,0.6483779526902193
Middle Class,High School,2.0583990045271587,Poor,20.630225668361252,None,None,None,Low,Positive,Some,Fair,54.9083702843411,0.2774697788888968
Wealthy,Some College,3.748355457203004,Poor,20.423629556034335,Car,None,Major,None,Negative,None,Good,51.47158973699518,0.17903458013186324
Wealthy,Some College,3.5905881701736235,Good,3.3129641794087203,Walk,Mild,None,Moderate,Negative,Some,Good,73.06077902304891,0.44467219889333
Upper Middle,Bachelor,2.9183851425281535,Poor,5.261417183526763,Car,Moderate,,Moderate,Positive,Some,Excellent,53.26354704026193,0.8167777577175555
Upper Middle,Graduate,,Poor,29.702200617884383,Bus,Severe,None,Low,Neutral,Active,Fair,55.88177852445033,0.43528531307787754
Upper Middle,Bachelor,3.271258995901367,Good,4.980132243731536,Car,Severe,None,Low,Negative,Active,Fair,79.5121181326282,0.11222174730229018
Middle Class,High School,3.603739797363113,Fair,29.424329310986487,Bus,Mild,None,High,Neutral,,Poor,93.4519899640078,0.8553269179896402
Upper Middle,Bachelor,2.59276642204998,Excellent,17.713844732832953,None,None,Minor,Moderate,Negative,Some,Poor,85.20822616311872,0.1996826118722016
Upper Middle,Less than HS,1.5496116621044573,Poor,22.869494571025932,Walk,None,Major,Moderate,Positive,None,Fair,80.2018508655321,0.28916184334970596
Middle Class,,3.220539532433323,Poor,26.59488418470657,Walk,Severe,Major,Low,Negative,Active,Poor,90.8557354222553,0.6258037931527545
Low Income,Graduate,2.32537848996617,Excellent,0.5068881069059561,None,Mild,Major,Low,Negative,None,Good,84.55971243512542,0.8508092083159712
Below Poverty,Bachelor,2.438026706746931,Poor,4.079594723687512,Car,Mild,Major,Low,Neutral,Active,Toxic,75.76149570631304,0.9456072762732263
Middle Class,Some College,1.5952459274859825,Poor,7.922618073105241,Walk,,None,None,Negative,None,Poor,92.3417803288333,0.2271767942603412
Upper Middle,Bachelor,3.8656404484536657,Excellent,,Bus,Severe,None,Low,Neutral,None,Fair,67.44681046838082,
Below Poverty,Some College,3.35712582647008,Excellent,2.347251416768603,Car,None,Major,None,Negative,Some,Toxic,66.0224383492072,0.8637670998239046
Below Poverty,Less than HS,1.548133985417196,Excellent,27.860392000580156,Bus,Moderate,Minor,Low,Positive,Active,,93.32461909046512,0.11751787151262139
Middle Class,Bachelor,3.6877801323371067,Good,14.27585281961455,None,Moderate,Major,None,,Some,,52.45798497394226,0.3222681761568913
Wealthy,,1.6680718677034887,Excellent,21.389806274545446,Car,,Major,Low,Neutral,None,Toxic,65.93889665261983,
Middle Class,Graduate,2.8660382635428956,Poor,,Walk,None,Major,Moderate,Neutral,None,Excellent,66.57921679997003,0.6993328654901306
Below Poverty,High School,1.673569795985966,,16.47069087784496,,Severe,Minor,High,Positive,Active,Poor,67.09273227657434,0.8682208645831431
Wealthy,High School,3.5099016592843624,Fair,15.73626299720212,Car,Severe,None,Low,Negative,Active,Excellent,67.0678671921995,0.23329051807690537
,Graduate,2.8336659780997286,Excellent,18.563309980355562,None,Severe,None,Moderate,Negative,Active,Toxic,59.401890334237,0.18679839964457257
,High School,3.954002099005926,Fair,,Walk,Severe,Minor,None,,Active,Fair,73.17031401741838,0.6741672383819389
Middle Class,High School,1.7342121553880339,Excellent,19.280431317767373,None,Mild,,Low,Positive,None,Good,69.42650748935918,0.7249725629698973
Wealthy,High School,2.206054038531339,,25.104092174489026,Car,None,Minor,Low,Neutral,None,Good,78.80612718583501,0.04000275549751886
Below Poverty,Less than HS,3.6071841061137375,Good,14.563916182972386,None,Moderate,Major,Moderate,Neutral,Active,Toxic,76.11906944660274,0.5328942499709529
Below Poverty,Graduate,2.904903612927119,Poor,16.581023629679883,Walk,None,Minor,Moderate,Positive,None,Good,63.79017567968004,0.4217728424899754
Wealthy,Graduate,2.651757403286959,Good,12.763237907623312,None,Mild,Major,None,Positive,Some,Fair,64.45113245027565,0.8564291701862075
Low Income,Some College,2.9943994445627524,Good,8.632362897483322,Car,,,Moderate,Positive,Some,Toxic,73.98454868614607,0.20908251982037185
Upper Middle,Some College,2.187612789217187,Good,5.873581627126755,Bus,Mild,Minor,High,Positive,Some,Toxic,85.23018481039517,0.3022573068446208
Upper Middle,Less than HS,2.4952424829139397,Good,28.32317839210317,Walk,,Major,Moderate,Positive,None,Excellent,,0.32680031187442427
Middle Class,Bachelor,2.2729792337881243,Excellent,26.368878926936077,None,None,None,None,Neutral,Active,Fair,77.66256711878465,0.29849173734770007
Wealthy,Bachelor,3.555780474673943,Poor,20.51989527743409,Walk,Severe,None,High,Positive,Some,,91.55711771797607,0.8976328452696987
Below Poverty,Bachelor,,Excellent,,Car,Moderate,None,Low,Neutral,None,Excellent,,
Below Poverty,,3.527817608265366,Fair,1.2635982964644825,None,Moderate,None,Moderate,Neutral,Active,Fair,,0.8327180283177334
Below Poverty,High School,2.73804559126091,Good,,Walk,None,Major,,Positive,Some,Poor,80.31991564284016,0.839442767092801
Wealthy,Less than HS,2.1596066699425913,Excellent,1.6869206784617987,None,Mild,None,Moderate,Positive,Active,Toxic,88.33407554104252,0.5789644820357924
Below Poverty,Less than HS,3.5239429966200557,Poor,20.937811101023087,None,Mild,Major,,Positive,,Good,74.50824544399687,0.6259562712759771
Middle Class,Graduate,2.3054203232515613,Fair,28.800090621231355,Car,Severe,,High,Positive,None,,83.85272776366853,0.0952932617953075
Below Poverty,Graduate,2.6782012891367115,Poor,17.740921503763232,None,Severe,Minor,High,Negative,Some,Toxic,99.67818582549789,0.3130371784016288
Low Income,Less than HS,2.614199820521542,Excellent,7.6393669187188475,Car,Moderate,Major,Low,Negative,Some,Poor,94.69353220592296,0.6157781429792465
Below Poverty,Bachelor,1.842635570402602,Fair,2.188578030270363,Walk,Mild,Major,None,Positive,Active,Fair,76.99220286778053,0.792219894123357
Low Income,Less than HS,3.3692230746948058,Poor,5.720121761857217,Walk,Moderate,Major,None,Neutral,Active,Poor,93.26623503517939,0.04086333039288781
Wealthy,High School,2.2817152172452144,Excellent,9.302732118982577,Bus,None,Major,High,Positive,None,Toxic,50.32485899257916,0.8907317696396353
Upper Middle,High School,2.368237957043337,Fair,10.099249502233501,Walk,None,Major,Moderate,Positive,Active,Good,54.79886615129616,0.34658773435875423
,Bachelor,1.539430263350817,Poor,11.063346196263172,Bus,Mild,None,High,Neutral,None,Fair,98.37416913262665,0.8445108575463225
Low Income,Less than HS,2.9697081115424604,Good,21.563025089126835,None,Severe,Major,None,Negative,Some,Toxic,69.70445680917376,0.3882396872506879
Upper Middle,High School,1.7166499403129454,Fair,15.628887092545632,None,Mild,Major,High,Negative,Some,Excellent,71.85957060916594,0.1836835262714619
Middle Class,Bachelor,3.870038260924018,Poor,12.380814654460385,Walk,Moderate,Major,None,Negative,Some,Good,55.479136674698914,0.6661992714218209
Upper Middle,Bachelor,3.8771399465150163,Good,2.549379579376626,None,,Minor,High,Neutral,Active,Poor,70.00264007115292,0.6318364934738158
Low Income,Less than HS,3.4837643856994793,Excellent,26.304657142518163,Walk,Severe,None,Low,Neutral,Active,Toxic,,0.8291436574739394
Middle Class,Less than HS,3.4341373506180215,Fair,10.285933011992787,Bus,None,None,Moderate,Negative,Active,Poor,72.9439998976733,0.8074056203451846
Below Poverty,Bachelor,2.4983531430680657,Fair,29.82253354586389,Walk,None,Major,None,Neutral,Some,Poor,55.65386533321644,0.542204110568397
Low Income,Graduate,,Poor,9.154884876647344,Walk,None,Major,High,Negative,Some,Fair,94.08496772171321,0.23735212828451846
Wealthy,Less than HS,1.5913309550221517,,5.4102005613524495,Car,Moderate,,Low,Neutral,Active,Excellent,92.51301323781391,0.15265368793737544
Wealthy,Bachelor,2.25426108142638,Excellent,24.866959379283045,,Moderate,None,Low,Positive,Active,Toxic,67.19500857552161,0.23088288840321292
Middle Class,High School,1.9064994748973036,Poor,22.507304419031723,Walk,Severe,Minor,High,Neutral,Active,Toxic,76.47779886188432,0.8756472388819363
Middle Class,Some College,2.394920635425903,Fair,10.320129546053808,,Moderate,,Low,Positive,Active,Fair,86.63305385867952,0.8215824598546293
Low Income,Graduate,2.533298817462846,Poor,14.717331390728654,None,None,Major,None,Positive,Some,Excellent,92.75621802042564,0.040754909841074105
Middle Class,Less than HS,2.148781286080258,Poor,28.54654562370711,None,Mild,Minor,None,Neutral,Some,Good,98.30751350595497,0.7979072125208081
Middle Class,High School,3.838450523756648,Fair,20.217531342639763,Car,None,None,High,Negative,Active,Good,86.99814703043647,0.03452991585789633
Low Income,Some College,1.9661080252865144,Good,25.841896126228246,Walk,Mild,Minor,None,Negative,Active,Good,54.22592946824737,0.14827546695093796
Upper Middle,High School,2.0138184679422944,Good,18.471608376880194,Car,,None,Low,Positive,Some,Poor,65.638189252708,0.2239346855873482
Below Poverty,High School,2.4958683939785877,Good,27.20425924828074,,Moderate,None,High,Neutral,Active,Good,,0.11236620765373362
Middle Class,Bachelor,2.3320417368310657,Excellent,10.393155703069185,None,Moderate,Major,Moderate,Positive,None,Poor,,0.12883514129742812
Below Poverty,Graduate,1.8797273186008447,Poor,14.630090506277316,Walk,Moderate,,Low,Negative,Active,Excellent,75.41656220607791,0.08139732390878907
Low Income,Bachelor,1.6379681237508523,Poor,10.747471030483483,Walk,None,None,Low,Neutral,Some,Poor,89.54626275246284,0.6728214673862296
Wealthy,High School,2.533587791740887,Fair,16.162693926945764,Bus,Moderate,None,Low,Negative,Some,,77.03970312249102,0.04950964748756048
Low Income,Less than HS,2.649779251629406,Fair,16.544622158726256,None,None,Major,None,Neutral,None,Excellent,99.45009855645097,0.6404068935386169
Upper Middle,Bachelor,2.4062700361265015,Poor,29.36697231033605,None,Severe,Minor,Moderate,,Some,,95.606486803725,0.6364147002435344
Wealthy,High School,3.3522753257615245,Fair,25.050931205977612,Bus,None,Major,,Positive,Active,Toxic,82.79384862181124,0.3460264919903414
Wealthy,Less than HS,3.3935502405365034,Poor,12.9385011354154,,Severe,None,Moderate,Negative,None,Toxic,87.76203190504842,0.33679981648751434
Upper Middle,High School,2.043996948246616,Poor,11.441388052715848,None,Moderate,Major,Low,Positive,Active,Toxic,66.45072553430391,0.10136083706045929
,Some College,1.9124588624275936,Poor,18.68591757865947,Bus,Mild,,Moderate,Positive,None,Excellent,70.29890442321174,0.3699452603183617
Below Poverty,Graduate,3.9964059964863563,Fair,21.407393662202388,Bus,Severe,Minor,High,Positive,Some,Poor,50.207502635411274,0.032012160610875307
Low Income,Bachelor,3.264421401934496,Fair,16.64383200344727,None,Mild,Major,High,Negative,Active,Fair,92.56894291300809,0.4311546815360302
Middle Class,Some College,1.7299596832595605,Good,22.833318109685216,Bus,Moderate,Minor,None,,Some,Good,98.75655154680553,0.9801067460875269
,Bachelor,3.3703171665215677,,14.864603642511074,Car,Moderate,Major,High,Neutral,Some,Fair,65.92898229853674,0.10094060123769388
Wealthy,High School,3.6982594881075372,,5.246404059162576,Car,Moderate,Minor,None,Neutral,Some,Poor,54.38072195996932,0.8900591393036636
Low Income,Some College,1.8131487891482956,Excellent,16.225621201045637,Walk,None,None,None,Negative,Active,Poor,76.44092609021992,0.05031926896219718
Below Poverty,Graduate,2.660040094317239,Good,1.1425761218550725,Car,Moderate,None,Moderate,Negative,Active,Toxic,71.52775165469207,0.7250833262631032
Upper Middle,Some College,,Fair,2.393205490110792,Car,Mild,None,High,Neutral,None,Toxic,57.31091048186511,
Middle Class,Some College,1.7043825296543165,Poor,9.578848171682516,Car,Severe,Major,High,Neutral,None,Poor,83.09562047189092,0.9261281828788093
Wealthy,Less than HS,2.0234018586326368,Poor,24.11802926589762,None,Mild,Major,Low,Negative,,Excellent,86.81917878648203,0.21828752198415835
Low Income,Some College,1.6122795295699583,Fair,5.251477299639326,Car,,Major,Low,Negative,Active,Good,62.4640491572302,0.44272128803699395
Upper Middle,Some College,2.251598425809521,Fair,13.901505797630511,Bus,Mild,Major,High,Negative,Active,Good,89.45621812207764,0.17768352451191538
Low Income,Less than HS,1.587210932046442,Poor,22.73310477019331,None,Severe,None,High,Neutral,None,Fair,70.70738823647869,0.16841737833345682
Below Poverty,High School,3.021386306387069,Poor,9.712153111168583,Walk,None,None,,Positive,Some,Toxic,,0.29592316212872005
Below Poverty,Some College,2.4650157694010484,Good,9.924016197659412,Bus,None,,Moderate,Negative,Some,Toxic,54.658021992785564,0.654089932539384
Low Income,Some College,3.944395336313322,Excellent,29.266749231456984,Car,Moderate,,,Negative,None,Fair,59.75379813534441,0.9472961873295541
Below Poverty,Less than HS,1.6453967625198114,Excellent,28.95539018500123,None,None,Minor,None,Neutral,None,Fair,95.02092235949156,0.8968876098817128
Upper Middle,Graduate,3.416006188820538,Good,22.0944508790689,None,None,Minor,High,Neutral,Some,,73.98679297820274,0.9676226100097106
Wealthy,Graduate,1.6535090167100608,Excellent,27.11380249747325,Car,Mild,None,Low,Positive,Active,Good,99.42322798655249,0.9051309374104438
Middle Class,Bachelor,3.824379639466336,Good,11.904418022913633,None,Mild,Minor,Moderate,Neutral,None,Poor,81.52332555861344,0.17749853132437132
Low Income,Bachelor,2.032677489262297,Poor,5.703218033266799,Walk,None,Minor,High,Positive,Some,Fair,54.75385347138697,0.7800429660677994
Below Poverty,High School,2.357739437238014,Poor,20.568320721697102,None,Mild,Major,,Negative,Some,Fair,82.91773172642979,0.14362821026971284
Middle Class,Bachelor,3.9287019123951397,Good,23.734460024278242,Walk,Mild,None,None,Positive,Active,Poor,56.413855727625105,0.1396280957997902
,Bachelor,3.1529717712039944,Poor,27.010288923926883,None,Mild,Minor,Moderate,Positive,Active,Excellent,,0.7035390726182519
Middle Class,High School,1.806528260351182,Poor,17.141439970564313,Walk,Severe,Major,Moderate,Negative,Active,Good,90.33747625098079,0.5191780153382833
Upper Middle,Bachelor,3.5372041648010066,Excellent,18.19895873516685,Walk,Moderate,None,None,Positive,None,Poor,63.28934235328144,0.5704486337137532
Middle Class,Less than HS,1.5416322015348731,,19.858440230226908,Walk,Moderate,None,High,Negative,None,Excellent,87.22765299129344,0.7964980189552421
Wealthy,Bachelor,2.1960963757379286,,22.854878394821988,None,Severe,,High,Negative,Some,Toxic,86.43888779130477,0.20377784193741755
Low Income,High School,2.639936695142346,Good,29.566079612259294,,Severe,None,None,Negative,Active,Excellent,65.27762832064847,0.3738716280772393
Upper Middle,Graduate,1.7184827404027812,Excellent,20.97392126433089,Car,None,Major,Moderate,Neutral,Active,Good,80.64259873392517,0.13380411807859682
Low Income,Some College,,Good,29.151340975121226,Car,None,Minor,Moderate,Neutral,Some,Toxic,50.52056747001011,0.8885481816089686
Below Poverty,Bachelor,2.909365415252805,Poor,27.005379476602364,None,Severe,Minor,None,Neutral,Some,Toxic,68.70148693123139,0.7709617618424062
Below Poverty,Graduate,1.5590351669693088,Fair,8.202715349373484,Car,Mild,Major,Moderate,Negative,Active,Good,57.739067858615385,0.4516087803441894
Middle Class,Less than HS,3.143632090925353,Fair,25.713617243831568,Walk,Severe,None,Low,Negative,Some,Fair,55.666218545730516,
Low Income,Graduate,2.5213894976001527,Excellent,9.089250884132435,Bus,None,Minor,None,Negative,Some,Toxic,83.86054698913318,0.9037894146650005
Wealthy,High School,,,22.819265137873536,Car,Mild,Minor,High,Negative,Active,Poor,53.05225840495339,0.1055666056135548
Wealthy,High School,3.8165800537331354,Fair,3.4238009942380105,Walk,Mild,Major,Low,Positive,None,Excellent,55.32231384937434,0.692193400556965
Wealthy,High School,2.769203975026943,Fair,29.640703734500715,None,Severe,Minor,Moderate,Neutral,Some,Toxic,77.74752355691788,0.2546491424654632
Upper Middle,High School,3.016049948680335,Poor,10.903653211332022,Car,Mild,,Moderate,Neutral,Active,Excellent,94.44859014634325,0.9121406893181352
Below Poverty,Bachelor,2.49580121106876,,14.299464810223654,Car,,Major,High,Neutral,Active,Poor,,0.38946174424250224
Low Income,Graduate,2.0769865371401917,Poor,7.221861332341502,Walk,Mild,None,Moderate,Negative,Some,Toxic,63.53529763948824,0.015818764711697297
Below Poverty,Less than HS,3.7503361924685663,Excellent,4.796133276151792,Walk,None,Minor,None,Positive,None,Excellent,,0.6433317634137752
Wealthy,Graduate,3.3297272199962693,Fair,,Car,Moderate,Minor,High,Negative,None,Toxic,,0.1679829614342716
Middle Class,Graduate,3.540308870690515,,26.76617939850272,Bus,Severe,Minor,None,Negative,Active,Toxic,55.4498930151865,0.870252201326827
Wealthy,Bachelor,3.805638733765316,Poor,14.072877577603892,Bus,None,Major,Low,Positive,None,Excellent,97.07253472036082,0.1909475096865556
